#,Segment,Region,Organisation,Country,Priority,Public activity,Existing vendor or custody,Why a pilot might fit (inference),Caveat,Source,Published route,Route page,Published emails,Named public leaders (confirm before use),Gatekeeper roles,Who owns this (inference),Outreach sequence,Hook (edit before sending),Contact confidence
1,Asset managers,Africa,Granite Financial Holding,Egypt,A · Start here,Admitted with Tarmiiz to the FRA regulatory sandbox on 29 Aug 2026 to test tokenising a money market fund; holds a Jan 2026 FRA fintech licence.,Not named,Digitally native manager that will run ledger nodes; a self-hosted stack suits a sovereignty-minded regulator.,No tokens issued yet. Custodian and administrator unnamed.,https://english.ahram.org.eg/News/575533.aspx,"none found. Official contact page could not be retrieved (robots disallowed); the only email seen was a PR agency address on a wire republication, deliberately not recorded.",https://www.granite.com.eg/contact-us,none published,"Hisham Akram, Founder and CEO (per Granite press release, republished on Zawya; undated in fetched text) (https://www.zawya.com/en/press-release/companies-news/granite-secures-fra-approval-for-its-first-egp-denominated-money-market-fund-n07zwbe0)
Hussein El Sheikh, Co-founder and Managing Director (same release) (https://www.zawya.com/en/press-release/companies-news/granite-secures-fra-approval-for-its-first-egp-denominated-money-market-fund-n07zwbe0)","Executive assistant to founder/CEO
Media relations / communications (agency-managed)
Compliance / regulatory affairs (sandbox liaison)","Inference: founder-CEO and MD directly; a small firm, so the founders likely sponsor any sandbox-related custody pilot. Leader source is a wire republication, not granite's own site.","1. Use the published page: https://www.granite.com.eg/contact-us. 2. Then write to Hussein El Sheikh (Co-founder and Managing Director (same release)). 3. If no reply, ask Executive assistant to founder/CEO to route it.",I noticed that Granite Financial Holding: Admitted with Tarmiiz to the FRA regulatory sandbox on 29 Aug 2026 to test tokenising a money market fund; holds a Jan 2026 FRA fintech licence.,low
2,Asset managers,Africa,Sanlam (Specialised Asset Management),South Africa,A · Start here,"Manages the reserve assets of the ZARU rand stablecoin, launched 3 Feb 2026 with Luno, EasyEquities and Lesaka. Access limited to qualified institutional investors.",Not named,A live reserve-management role means it may want to control any keys tied to the stablecoin or tokenisation work.,"Manages the reserves, not the token. No custodian or issuer named in the release.",https://www.sanlam.com/pdf/media-releases/2026/media-release-05022026.pdf,none found. Official ZARU release directs institutional participants to register interest at https://zaru.network/ (not a partnerships contact). No Sanlam email printed in the release.,https://www.sanlam.com/pdf/media-releases/2026/media-release-05022026.pdf,none published,"Jacques Le Roux, CEO, Sanlam Financial Markets (quoted as the Sanlam executive providing ALM services via Sanlam Specialised Asset Management for ZARU, 5 Feb 2026) (https://www.sanlam.com/pdf/media-releases/2026/media-release-05022026.pdf)","Executive assistant to CEO, Sanlam Financial Markets
Group media/communications office
Company secretary","Inference: the Sanlam Financial Markets CEO's office, with the technology/operations function behind the ZARU reserve-asset mandate, would own a custody/key-control pilot. Sanlam leadership/contact pages could not be fetched, so this is thin.","1. Use the published page: https://www.sanlam.com/pdf/media-releases/2026/media-release-05022026.pdf. 2. Then write to Jacques Le Roux (CEO, Sanlam Financial Markets (quoted as the Sanlam executive providing ALM services via Sanlam Specialised Asset Management for ZARU, 5 Feb 2026)). 3. If no reply, ask Executive assistant to CEO, Sanlam Financial Markets to route it.","I noticed that Sanlam (Specialised Asset Management): Manages the reserve assets of the ZARU rand stablecoin, launched 3 Feb 2026 with Luno, EasyEquities and Lesaka.",low
3,Asset managers,Global,Kenanga Investors,Malaysia,A · Start here,"Tokenised money funds on Stellar via its Myrra platform, unveiled around Feb 2026.",Not named,Mid-size regional manager with its own token platform fits the avoid-a-hosted-vendor angle.,No custodian or partners named. Source is trade press.,https://fintechnews.my/56828/wealthtech-malaysia/kenanga-tokenised-money-funds/,"Press contacts printed on the official Kenanga release (media office only, not partnerships): [named individual address omitted] and [named individual address omitted]. No partnerships address found; official forms: Queries & Feedback page.",https://www.kenanga.com.my/contact-us/queries-feedback/,none published,"Datuk Wira Ismitz Matthew De Alwis, Executive Director and CEO, Kenanga Investors Berhad (Feb 2026) (https://www.kenanga.com.my/wp-content/uploads/2026/02/Press-Release-Kenanga-Group-Launches-Malaysias-First-Tokenised-Money-Market-Funds.pdf)
Ranjit Gill, Director, Head of Product and Market Development, Kenanga Investors Berhad (Feb 2026) (https://www.kenanga.com.my/wp-content/uploads/2026/02/Press-Release-Kenanga-Group-Launches-Malaysias-First-Tokenised-Money-Market-Funds.pdf)","Executive assistant to CEO
Group corporate communications / media (named press contacts on release)
Company secretary","Inference: Head of Product and Market Development owns the Myrra tokenised-fund programme and would lead a pilot, with CEO sign-off; note custody is likely tied to the platform partner (Stellar-based).","1. Use the published page: https://www.kenanga.com.my/contact-us/queries-feedback/. 2. Then write to Datuk Wira Ismitz Matthew De Alwis (Executive Director and CEO, Kenanga Investors Berhad (Feb 2026)). 3. If no reply, ask Executive assistant to CEO to route it.","I noticed that Kenanga Investors: Tokenised money funds on Stellar via its Myrra platform, unveiled around Feb 2026.",medium
4,Asset managers,Africa,One Africa Securities,Ghana,B · Plausible,"Admitted to the SEC Ghana virtual-asset sandbox and Bank of Ghana sandbox (Jan 2026) to tokenise T-bills, bonds and commodities.",Not chosen yet,In-house innovation staff and tokenisation plans; custody stack not yet chosen.,May be a broker or dealer rather than an asset manager. Treat as adjacent.,https://www.graphic.com.gh/business/business-news/one-africa-securities-secures-dual-bog-sec-sandbox-admission.html,none found. Official site contact page could not be retrieved.,none found,none published,none found,"Executive assistant to MD/CEO
Compliance officer (regulatory sandbox liaison)
Corporate communications","Inference: group head of innovation or fixed income would own T-bill tokenisation. Names only appeared in a news article (MyJoyOnline) quoting a Group Head of Fixed Income and a Group Head of Innovation, not an official page, so not recorded as leaders.","1. Use the published page: none found. 2. Then find the relevant head via the organisation's own channel. 3. If no reply, ask Executive assistant to MD/CEO to route it.","I noticed that One Africa Securities: Admitted to the SEC Ghana virtual-asset sandbox and Bank of Ghana sandbox (Jan 2026) to tokenise T-bills, bonds and commodities.",low
5,Asset managers,Africa,Sygnia,South Africa,B · Plausible,Sygnia Life Bitcoin Plus Fund (1 Jun 2025) tracks BlackRock IBIT inside a life-insurance structure; wants a JSE Bitcoin ETF pending regulation. AUM over R460bn.,Indirect exposure; holds no keys,Stated Bitcoin ETF ambition and a large in-house platform.,Exposure is via IBIT today. Source is company blog. JSE rejected its ETF applications in 2017 and 2021.,https://www.sygnia.co.za/blog/2026/05/28/top-asset-manager-wants-to-launch-bitcoin-fund-in-south-africa/,none found for partnerships; general enquiries email admin@sfs.sygnia.co.za and web contact form (the contact page links a 'For Institutions' page with no separate address).,https://www.sygnia.co.za/contact/,admin@sfs.sygnia.co.za,"Magda Wierzycka, CEO (https://www.sygnia.co.za/contact-us)
Kyle Hulett, Co-Head: Investments (https://www.sygnia.co.za/contact-us)","Executive assistant to CEO
Head of marketing and strategy (a global head is named on the site)
Company secretary","Inference: the CEO's office for the Bitcoin Plus Fund strategy, with the investments co-head and operations/technology owning any custody work. Leader titles taken from a fetched summary of the contact page; verify.","1. Email admin@sfs.sygnia.co.za. 2. Then write to Magda Wierzycka (CEO). 3. If no reply, ask Executive assistant to CEO to route it.",I noticed that Sygnia: Sygnia Life Bitcoin Plus Fund (1 Jun 2025) tracks BlackRock IBIT inside a life-insurance structure; wants a JSE Bitcoin ETF pending regulation.,low
6,Asset managers,Global,CoinShares,Jersey,B · Plausible,Nasdaq-listed digital-asset manager; completed the Bastion acquisition in early Sep 2026. AUM about $6.9bn (Aug 2026).,Not named,"Bastion may bring custody in-house, making it a rival or a partner.",Link between Bastion and custody capability not verified.,https://www.sec.gov/Archives/edgar/data/0002087587/000121390026099448/ea030468001ex99-1.htm,"enquiries@coinshares.com (company) and corporateir@coinshares.com (investor relations), both printed in CoinShares' official release of 2 Sep 2026 on investor.coinshares.com.",https://investor.coinshares.com/pressreleases/coinshares-completes-acquisition-of-bastion-asset-management,"corporateir@coinshares.com, cosec@coinshares.com, enquiries@coinshares.com","Jean-Marie Mognetti, Co-Founder, President and CEO (https://investor.coinshares.com/)
Philip Scott, Head of Alternatives (ex-Bastion CEO), Sep 2026 (https://investor.coinshares.com/pressreleases/coinshares-completes-acquisition-of-bastion-asset-management)
Fred Desobry, Head of Systematic Investment Strategies (ex-Bastion CIO), Sep 2026 (https://investor.coinshares.com/pressreleases/coinshares-completes-acquisition-of-bastion-asset-management)","Executive assistant to CEO
Head of investor relations (corporateir@)
Press office / media contact
Company secretary (cosec@coinshares.com printed for DRS requests only)","Inference: CEO's office plus the digital-asset operations/technology team; no CTO named on the pages fetched. Custody is core to CoinShares, so a self-hosted pilot is a peer-level conversation.","1. Email corporateir@coinshares.com. 2. Then write to Jean-Marie Mognetti (Co-Founder, President and CEO). 3. If no reply, ask Executive assistant to CEO to route it.",I noticed that CoinShares: Nasdaq-listed digital-asset manager; completed the Bastion acquisition in early Sep 2026.,medium
7,Asset managers,Global,Franklin Templeton,United States,B · Plausible,"BENJI tokenised money market fund on Stellar since 2021; BENJI suite $1.98bn at 29 Apr 2026, with tokenised funds in Luxembourg and Singapore. AUM $1.68tn.",Not named,Runs many on-chain fund wrappers and may want a second custody option.,Custody arrangements not stated in the source.,https://stellar.org/press/franklin-templeton-stellar-development-foundation-mark-five-years-of-benji-the-first-u-s-registered-tokenized-money-market-fund,none found. Official pages are JavaScript-rendered and returned no contact content. Newsroom: https://www.franklintempleton.com/about-us/news-room,https://www.franklintempleton.com/about-us/news-room,none published,none found,"Corporate communications / media relations
Executive assistant to Head of Digital Assets
Institutional client group relationship manager",Inference: Franklin Templeton Digital Assets (head of digital assets and its technology team) would own it; the Digital Assets Technology team page exists at franklintempleton.com but could not be rendered. Leader names not verified from an official page.,"1. Use the published page: https://www.franklintempleton.com/about-us/news-room. 2. Then find the relevant head via the organisation's own channel. 3. If no reply, ask Corporate communications / media relations to route it.","I noticed that Franklin Templeton: BENJI tokenised money market fund on Stellar since 2021; BENJI suite $1.98bn at 29 Apr 2026, with tokenised funds in Luxembourg and Singapore.",low
8,Asset managers,Global,Invesco,United States,B · Plausible,"Took over Superstate USTB tokenised Treasury fund (c. $967m, 24 Mar 2026); filed Invesco Stablecoin Reserves Onchain Fund on 24 Jun 2026. AUM over $2.2tn.",Superstate handles issuance and transfer agency,New stablecoin-reserve vehicle suggests ongoing infrastructure decisions.,Filing names no chain or custodian.,https://www.coindesk.com/business/2026/06/25/asset-management-giant-invesco-files-for-tokenized-fund-targeting-stablecoin-reserve-market,"none found. Official contact page not retrieved. Invesco's release names media contacts, but that release was on Nasdaq (wire), so no email recorded.",https://www.nasdaq.com/press-release/invesco-and-superstate-advance-institutional-tokenization-through-ustb-partnership,none published,"Kathleen Wrynn, Global Head of Digital Assets (per Invesco/Superstate release, 24 Mar 2026) (https://www.nasdaq.com/press-release/invesco-and-superstate-advance-institutional-tokenization-through-ustb-partnership)
Laurie Brignac, Chief Investment Officer and Head of Global Liquidity (same release) (https://www.nasdaq.com/press-release/invesco-and-superstate-advance-institutional-tokenization-through-ustb-partnership)","Corporate communications / media relations
Executive assistant to Global Head of Digital Assets
Institutional distribution / client relations","Inference: Global Head of Digital Assets, sponsored by the liquidity business, would own it; wire-hosted source, not invesco.com.","1. Use the published page: https://www.nasdaq.com/press-release/invesco-and-superstate-advance-institutional-tokenization-through-ustb-partnership. 2. Then write to Kathleen Wrynn (Global Head of Digital Assets (per Invesco/Superstate release, 24 Mar 2026)). 3. If no reply, ask Corporate communications / media relations to route it.",I noticed that Invesco: Took over Superstate USTB tokenised Treasury fund (c.,medium
9,Asset managers,Global,WisdomTree,United States,B · Plausible,Tokenised fund assets above $1.2bn; runs WisdomTree Onchain and its own NY-chartered trust company. AUM about $158.8bn (Feb 2026).,Possibly in-house,Has in-house engineering and a trust company.,May already custody in-house; no third-party custodian named.,https://www.businesswire.com/news/home/20260311754968/en,none found for partnerships. Official general contact form only (products/website questions). Also WisdomTree Onchain page.,https://www.wisdomtree.com/contact-us,none published,"Will Peck, Head of Digital Assets; WisdomTree author page says Head of WisdomTree Onchain (https://ir.wisdomtree.com/corporate-governance/management)
David Yates, Chief Information Officer (https://ir.wisdomtree.com/corporate-governance/management)
Peter M. Ziemba, Senior Advisor to the CEO and Chief Administrative Officer (https://ir.wisdomtree.com/corporate-governance/management)","Executive assistant to CEO/Head of Digital Assets
Investor relations (ir.wisdomtree.com)
Media relations
Corporate secretary (CLO is also Secretary)","Inference: Head of Digital Assets / WisdomTree Onchain, with CIO for technology and the trust-company custody function. The management page is undated; titles taken as current.","1. Use the published page: https://www.wisdomtree.com/contact-us. 2. Then write to Will Peck (Head of Digital Assets; WisdomTree author page says Head of WisdomTree Onchain). 3. If no reply, ask Executive assistant to CEO/Head of Digital Assets to route it.",I noticed that WisdomTree: Tokenised fund assets above $1.2bn; runs WisdomTree Onchain and its own NY-chartered trust company.,medium
10,Asset managers,Africa,Ninety One,South Africa / UK,C · Long shot or channel,"Hosted a session titled SA digital asset moment at its Beyond Alpha event, 17 Sep 2026.",n/a,"Clear interest, but a weak signal.",No tokenised fund or digital-asset product found.,https://www.moonstone.co.za/?p=61773,none found. Official contact page says 'Email us' but the address was obfuscated and unreadable; Client Teams referenced. Newsroom: https://ninetyone.com/en/newsroom,https://ninetyone.com/en/contact-us,none published,none found,"Executive assistant to CEO
Investor relations (ninetyone.com/en/investor-relations)
Company secretary
Media/communications office","Inference: client/distribution leadership and the investment-technology function; could not verify named leaders. Only Kim McFarland (Finance Director, Disclosure Committee) was seen, not relevant.","1. Use the published page: https://ninetyone.com/en/contact-us. 2. Then find the relevant head via the organisation's own channel. 3. If no reply, ask Executive assistant to CEO to route it.","I noticed that Ninety One: Hosted a session titled SA digital asset moment at its Beyond Alpha event, 17 Sep 2026.",low
11,Asset managers,Africa,Old Mutual (Wealth),South Africa,C · Long shot or channel,Reported in Sept 2022 as designated manager of the ZARP rand stablecoin cash reserves.,Not named,Possible past reserve role.,"VERIFY: dated, secondary source; unit not identified.",https://news.bitcoin.com/report-financial-services-giant-old-mutual-appointed-manager-of-south-african-stablecoin-projects-cash-reserves/,"none found. Official contact page lists no partnerships, corporate or media address.",https://www.oldmutual.co.za/contact-us/,none published,none found,"Executive assistant to CEO, Old Mutual Wealth
Group media relations
Company secretary",Inference: no current owner established; the 2022 ZARP mandate is old and Old Mutual's current stablecoin involvement was not confirmed. Low priority.,"1. Use the published page: https://www.oldmutual.co.za/contact-us/. 2. Then find the relevant head via the organisation's own channel. 3. If no reply, ask Executive assistant to CEO, Old Mutual Wealth to route it.",I noticed that Old Mutual (Wealth): Reported in Sept 2022 as designated manager of the ZARP rand stablecoin cash reserves.,low
12,Asset managers,Global,21Shares,Switzerland,C · Long shot or channel,"Crypto ETPs including Bitcoin, Solana staking, Ethereum staking; about $2.5bn European and $2.33bn US (Jul 2026).",Not named,Multi-chain staking ETPs may need broad custody.,ETPs normally use regulated third-party custodians; hard displacement.,https://cdn.21shares.com/uploads/current-documents/monthly-flows/21shares_MonthlyFlowsReport_Jul26.pdf,Official contact form at https://www.21shares.com/en-ch/contact-us (no email printed); Zurich office phone on the about page.,https://www.21shares.com/en-ch/contact-us,none published,"Russell Barlow, CEO (https://21shares.com/en-ch/about-us)
Duncan Moir, President, Chief Investment Officer (https://21shares.com/en-ch/about-us)
Edel Bashir, COO (https://21shares.com/en-ch/about-us)","Executive assistant to CEO
Media/communications office
Head of institutional sales / distribution","Inference: COO (operations and custody-provider oversight) with the CIO; the about page is undated and a restructuring was reported in trade press, so verify.","1. Use the published page: https://www.21shares.com/en-ch/contact-us. 2. Then write to Russell Barlow (CEO). 3. If no reply, ask Executive assistant to CEO to route it.","I noticed that 21Shares: Crypto ETPs including Bitcoin, Solana staking, Ethereum staking; about $2.5bn European and $2.33bn US (Jul 2026).",medium
13,Asset managers,Global,Amundi,France,C · Long shot or channel,Tokenised a money market fund on public Ethereum (28 Nov 2025).,CACEIS,"CACEIS handles investor wallets, so the opening is weak.",Custody tied to CACEIS.,https://www.theblock.co/post/380765/amundi-tokenizes-money-market-fund-on-ethereum,"Official contact form (name, email, message) on the Amundi contact page; the only email there is [named individual address omitted] for personal data requests, not a sales route.",https://www.amundi.com/institutional/contact,none published,"Jean-Jacques Barbéris, Head of Institutional and Corporate Clients, and ESG (Nov 2025 release hosted by CACEIS) (https://www.caceis.com/press-releases/amundi-tokenises-its-first-fund-in-collaboration-with-caceis)","Executive assistant to head of institutional clients
Press office
Investor relations (Amundi group)","Inference: institutional and corporate clients head plus Amundi's digital/tokenisation team, working with CACEIS as custodian/transfer agent; source is CACEIS-hosted.","1. Use the published page: https://www.amundi.com/institutional/contact. 2. Then write to Jean-Jacques Barbéris (Head of Institutional and Corporate Clients, and ESG (Nov 2025 release hosted by CACEIS)). 3. If no reply, ask Executive assistant to head of institutional clients to route it.",I noticed that Amundi: Tokenised a money market fund on public Ethereum (28 Nov 2025).,medium
14,Asset managers,Global,Apollo Global Management,United States,C · Long shot or channel,"ACRED tokenised feeder into its Diversified Credit Fund, launched 30 Jan 2025 with Securitize on six chains.",Securitize (transfer agent),Private-credit tokens could sit alongside a self-hosted treasury layer.,AUM figure dated; Securitize runs the platform.,https://www.nasdaq.com/press-release/apollo-and-securitize-announce-partnership-and-launch-tokenized-access-credit-fund,Official contact page prints IR@apollo.com (investor relations) and Communications@apollo.com (corporate communications); no partnerships or digital-assets address.,https://www.apollo.com/contact,"Communications@apollo.com, IR@apollo.com","Noah Gunn, Global Head of Investor Relations (per contact page) (https://www.apollo.com/contact)
Joanna Rose, Global Head of Corporate Communications (per contact page) (https://www.apollo.com/contact)","Head of investor relations
Head of corporate communications
Executive assistant to relevant partner",Inference: the ACRED product sits with the credit/Apollo digital team and its technology group; neither named on pages fetched. IR and communications are gatekeepers only.,"1. Email Communications@apollo.com. 2. Then write to Noah Gunn (Global Head of Investor Relations (per contact page)). 3. If no reply, ask Head of investor relations to route it.","I noticed that Apollo Global Management: ACRED tokenised feeder into its Diversified Credit Fund, launched 30 Jan 2025 with Securitize on six chains.",medium
15,Asset managers,Global,BNP Paribas Asset Management,France,C · Long shot or channel,Tokenised share class of a French money market fund on Ethereum via AssetFoundry (Feb 2026).,BNP Securities Services holds the key,Little: group holds the key itself.,Described as a limited intra-group experiment.,https://group.bnpparibas/en/press-release/bnp-paribas-explores-public-blockchain-infrastructure-for-money-market-fund-tokenisation,none found. Official contact page failed to load; the Feb 2026 release names media contacts without email addresses.,https://www.bnpparibas-am.com/en/press/mediaroom-en-bnp-paribas-explores-public-blockchain-infrastructure-for-money-market-fund-tokenisation/,none published,"Edouard Legrand, Chief Digital and Data Officer, BNP Paribas Asset Management (20 Feb 2026 release) (https://www.bnpparibas-am.com/en/press/mediaroom-en-bnp-paribas-explores-public-blockchain-infrastructure-for-money-market-fund-tokenisation/)
Julien Clausse, Head of AssetFoundry (Digital Assets & Tokenisation), BNP Paribas CIB (same release) (https://www.bnpparibas-am.com/en/press/mediaroom-en-bnp-paribas-explores-public-blockchain-infrastructure-for-money-market-fund-tokenisation/)
Paul Daly, Head of Distribution Product Solutions, BNP Paribas Securities Services (same release) (https://www.bnpparibas-am.com/en/press/mediaroom-en-bnp-paribas-explores-public-blockchain-infrastructure-for-money-market-fund-tokenisation/)","Global Head of Media Relations and Reputation (named on release)
Press relations manager, France (named on release)
Executive assistant to Chief Digital and Data Officer","Inference: Chief Digital and Data Officer owns the asset manager's tokenisation; wallet/key custody was done by BNP Paribas Securities Services (the release says it held the private key), so that unit is also a stakeholder.","1. Use the published page: https://www.bnpparibas-am.com/en/press/mediaroom-en-bnp-paribas-explores-public-blockchain-infrastructure-for-money-market-fund-tokenisation/. 2. Then write to Edouard Legrand (Chief Digital and Data Officer, BNP Paribas Asset Management (20 Feb 2026 release)). 3. If no reply, ask Global Head of Media Relations and Reputation (named on release) to route it.",I noticed that BNP Paribas Asset Management: Tokenised share class of a French money market fund on Ethereum via AssetFoundry (Feb 2026).,medium
16,Asset managers,Global,BlackRock,United States,C · Long shot or channel,Aug 2026 launches BSTBL and BRSRV for stablecoin reserves; also BUIDL and the IBIT ETF.,"BNY Mellon, Securitize",Scale makes a pilot a long shot.,Already relies on named partners.,https://forklog.com/en/news/blackrocks-tokenized-money-fund-attracts-245-million,"none found. Official contact page could not be retrieved. The Aug 2026 release on BusinessWire names a media contact but that is a wire release, so no email recorded.",https://www.blackrock.com/corporate/about-us/contact-us,none published,"Jon Steel, Global Head of Product and Platform, Cash Management (quoted in BSTBL/BRSRV release, Aug 2026) (https://www.businesswire.com/news/home/20260803468591/en/)","Corporate communications / media relations
Executive assistant to relevant business head
Institutional client business (relationship managers)","Inference: Cash Management product and platform team, with the digital assets group. Very large firm; self-hosted custody would go through procurement and technology risk.","1. Use the published page: https://www.blackrock.com/corporate/about-us/contact-us. 2. Then write to Jon Steel (Global Head of Product and Platform, Cash Management (quoted in BSTBL/BRSRV release, Aug 2026)). 3. If no reply, ask Corporate communications / media relations to route it.",I noticed that BlackRock: Aug 2026 launches BSTBL and BRSRV for stablecoin reserves; also BUIDL and the IBIT ETF.,low
17,Asset managers,Global,Fidelity Investments,United States,C · Long shot or channel,Launched the Fidelity Digital Interest Token (FDIT).,Fidelity Digital Asset Services,Own custody arm makes a pilot unlikely.,VERIFY: only a headline loaded; product details unverified.,https://thedefiant.io/fidelity-s-tokenized-fund-launch-marks-tipping-point-for-institutional-on-chain-adoption,"none found. Official press release lists media contacts on fmr.com addresses, which are media-only and not recorded; newsroom: https://newsroom.fidelity.com/",https://newsroom.fidelity.com/,none published,"Mike O'Reilly, President, Fidelity Digital Assets (Jan/Feb 2026 release) (https://newsroom.fidelity.com/pressreleases/fidelity-investments--expands-digital-asset-investment-lineup-with-stablecoin-launch--fidelity-digit/s/3b55e2d1-1dba-4120-9528-1e07e632f3f4)","Corporate communications / media relations
Executive assistant to President, Fidelity Digital Assets
Institutional relationship management","Inference: Fidelity Digital Assets is itself a custodian, so a self-hosted custody pilot is a competitor-adjacent conversation; the release was for FIDD (stablecoin), and the FDIT product in the task row was not confirmed.","1. Use the published page: https://newsroom.fidelity.com/. 2. Then write to Mike O'Reilly (President, Fidelity Digital Assets (Jan/Feb 2026 release)). 3. If no reply, ask Corporate communications / media relations to route it.",I noticed that Fidelity Investments: Launched the Fidelity Digital Interest Token (FDIT).,low
18,Asset managers,Global,Hamilton Lane,United States,C · Long shot or channel,"Tokenised feeder funds on Securitize (Equity Opportunities Fund V, SCOPE, Secondary Fund VI).",Securitize,Repeated tokenised feeders suggest recurring operational needs.,Securitize runs the platform; details from 2024.,https://www.crowdfundinsider.com/?p=228938,"none found. Official contact page could not be retrieved. Hamilton Lane's news page lists a media contact, but it is from 2022 and not recorded.",https://www.hamiltonlane.com/en-us/news/securitize-tokenize-funds,none published,none found,"Media/communications office
Executive assistant to Head of Digital Assets
Investor relations",Inference: Hamilton Lane's Head of Digital Assets (Victor Jung named in a 2022 release; currency not verified so not recorded) and the technology group (HL Innovations).,"1. Use the published page: https://www.hamiltonlane.com/en-us/news/securitize-tokenize-funds. 2. Then find the relevant head via the organisation's own channel. 3. If no reply, ask Media/communications office to route it.","I noticed that Hamilton Lane: Tokenised feeder funds on Securitize (Equity Opportunities Fund V, SCOPE, Secondary Fund VI).",low
19,Asset managers,Global,Hashdex,Brazil / United States,C · Long shot or channel,Sponsor of a US crypto index ETF; about $190m net assets (Jun 2026).,"Coinbase Custody, BitGo, Fidelity Digital Assets",Small sponsor that may be open to alternatives.,Already uses three named custodians.,https://www.sec.gov/Archives/edgar/data/0002031069/000121390026088407/ea0301008-10q_hashdex.htm,"none found for partnerships. Official contact page prints only [named individual address omitted], a PR agency media address; it says to connect with the regional distribution team, but gives no contact. Contact page recorded as the route.",https://hashdex.com/en-US/contact,none published,"Bruno Caratori, Global CEO (announced 5 Mar 2026) (https://investor.wedbush.com/wedbush/article/gnwcq-2026-3-5-hashdex-names-bruno-caratori-as-global-ceo-marcelo-sampaio-as-executive-chairman-and-mick-mclaughlin-as-us-ceo)
Mick McLaughlin, U.S. CEO and Global Head of Distribution (5 Mar 2026) (https://investor.wedbush.com/wedbush/article/gnwcq-2026-3-5-hashdex-names-bruno-caratori-as-global-ceo-marcelo-sampaio-as-executive-chairman-and-mick-mclaughlin-as-us-ceo)","PR agency (Dukas Linden) as media route
Executive assistant to U.S. CEO
Regional distribution team","Inference: US CEO / Head of Distribution for US ETF operations, with global CEO for strategic custody decisions; leader source is a wire release, not hashdex.com.","1. Use the published page: https://hashdex.com/en-US/contact. 2. Then write to Bruno Caratori (Global CEO (announced 5 Mar 2026)). 3. If no reply, ask PR agency (Dukas Linden) as media route to route it.",I noticed that Hashdex: Sponsor of a US crypto index ETF; about $190m net assets (Jun 2026).,medium
20,Asset managers,Global,Janus Henderson,United States / UK,C · Long shot or channel,"Sub-advisor to the Anemoy Treasury Fund (JTRSY) on Centrifuge, about $882m (Aug 2026).",Multisig wallets per S&P,Supplies investment management while others run the tokens.,Sub-advisor only.,https://cryptobriefing.com/centrifuge-tokenizes-janus-henderson-jtrsy/,"InstitutionalClientRelations@janushenderson.com, printed on the official institutional contact page; it is for servicing existing mandates, not partnerships.",https://www.janushenderson.com/en-us/institutional/contact-us/,InstitutionalClientRelations@janushenderson.com,none found,"Institutional client relations
Corporate communications
Executive assistant to relevant head","Inference: no named owner found; sub-advisor role means the Anemoy/Centrifuge platform may hold custody, so Janus Henderson's role is limited. Low priority.","1. Email InstitutionalClientRelations@janushenderson.com. 2. Then find the relevant head via the organisation's own channel. 3. If no reply, ask Institutional client relations to route it.","I noticed that Janus Henderson: Sub-advisor to the Anemoy Treasury Fund (JTRSY) on Centrifuge, about $882m (Aug 2026).",low
21,Asset managers,Global,Schroders,United Kingdom,C · Long shot or channel,"Central Bank of Ireland approval (Aug 2026) for SOAR, a tokenised share class of a USD money market fund.",Kinexys by J.P. Morgan,New programme with scope for 24/7 treasury use.,Platform is JPMorgan Kinexys.,https://www.marketsmedia.com/schroders-secures-approval-for-first-tokenised-share-class/,none found for partnerships. Official contact page lists careers emails and the London head office phone; media and investor relations have separate Schroders pages (not retrievable).,https://www.schroders.com/en-gb/uk/individual/contact-us/,none published,none found,"Media relations
Investor relations
Executive assistant to CEO/head of distribution","Inference: product, operations and technology teams for SOAR; no named owner found. Only a CFO and a portfolio manager appeared in a trade-press article, not relevant.","1. Use the published page: https://www.schroders.com/en-gb/uk/individual/contact-us/. 2. Then find the relevant head via the organisation's own channel. 3. If no reply, ask Media relations to route it.","I noticed that Schroders: Central Bank of Ireland approval (Aug 2026) for SOAR, a tokenised share class of a USD money market fund.",low
22,Asset managers,Global,UBS Asset Management,Switzerland,C · Long shot or channel,"Launched UBS USD Money Market Investment Fund Token (uMINT) on Ethereum, Nov 2024.",Likely in-house,Group likely has in-house custody.,No custody detail in source.,https://fintechnews.sg/102931/blockchain/ubs-tokenised-fund/,none found. Only media contacts printed (APAC) on the 2024 release; not a partnerships route and not recorded.,https://www.ubs.com/global/en/asset-management/contact.html,none published,"Thomas Kaegi, Co-Head of UBS Asset Management APAC (Nov 2024 release; may be out of date) (https://www.ubs.com/global/en/media/display-page-ndp/en-20241101-first-tokenized-investment-fund.html)","Media relations (regional)
Executive assistant to regional head
Client/distribution coverage",Inference: UBS group tokenisation and digital asset teams; custody would go through group technology risk. Leader entry is over 11 months old and flagged.,"1. Use the published page: https://www.ubs.com/global/en/asset-management/contact.html. 2. Then write to Thomas Kaegi (Co-Head of UBS Asset Management APAC (Nov 2024 release; may be out of date)). 3. If no reply, ask Media relations (regional) to route it.","I noticed that UBS Asset Management: Launched UBS USD Money Market Investment Fund Token (uMINT) on Ethereum, Nov 2024.",low
23,Governments and public bodies,Africa,National Bank of Rwanda and Capital Market Authority,Rwanda,A · Start here,"e-Franc retail CBDC proof of concept (May-Oct 2025) with a 12-month pilot to follow; Law No. 023/2026 makes the CMA lead regulator of virtual assets, covering custody and tokenisation.",Not stated,A CBDC pilot plus a new custody-covering law makes Rwanda a strong early-pilot candidate.,"Law summary is a law-firm piece, not the statute. No decision on national e-Franc issue.",https://allafrica.com/stories/202602270018.html,"CMA Rwanda fintech sandbox: fintech@cma.rw (sandbox support/enquiries and application submission; online at www.cma.rw/fintech). NBR: general info@bnr.rw (printed in NBR CBDC PoC report); NBR financial-innovation page https://www.bnr.rw/financialinnovation is JavaScript-rendered and could not be read, so any sandbox contact there is unverified.",https://www.cma.rw/index.php?id=149,"fintech@cma.rw, info@bnr.rw","Eric (Karekezi Ngabonziza), Acting Chief Executive Officer, Capital Market Authority Rwanda (per CMA headline; confirm still current) (https://www.cma.rw/index.php?id=149)","Office of the Governor (NBR)
CMA Rwanda CEO's office
NBR/CMA communications offices","Inference: CMA's fintech sandbox team (fintech@cma.rw) is the proper entry for a custody/digital-asset sandbox application; at NBR a payments/financial-innovation unit would own any pilot, reached via the sandbox route or a licensed-bank introduction, not procurement. NBR leaders not readable (JS site), so none recorded.","1. Email fintech@cma.rw. 2. Then write to Eric (Karekezi Ngabonziza) (Acting Chief Executive Officer, Capital Market Authority Rwanda (per CMA headline; confirm still current)). 3. If no reply, ask Office of the Governor (NBR) to route it.",I noticed that National Bank of Rwanda and Capital Market Authority: e-Franc retail CBDC proof of concept (May-Oct 2025) with a 12-month pilot to follow; Law No.,low
24,Governments and public bodies,Global,Czech National Bank,Czech Republic,A · Start here,"13 Nov 2025: USD 1m test portfolio of bitcoin, USD stablecoins and a tokenised dollar deposit, held outside reserves, to be assessed in 2-3 years.",Not stated,"The CNB says it must test custody, key management and multi-level approvals, which matches a policy engine with dual control.",Custodian not named; programme is small and learning-driven.,https://www.cnb.cz/en/about_cnb/cnblog/First-test-portfolio-of-digital-assets-at-the-CNB,"No vendor/procurement mailbox found. Official channels: FinTech/financial-innovation contact point via web form (no email printed); general enquiry form; media@cnb.cz (media desk); podatelna@cnb.cz (electronic mail room, listed on contact page). CNB Lab is the innovation unit that created the digital-asset test portfolio.",https://www.cnb.cz/en/public/contacts/form-for-submitting-specialised-fintech-related-queries/index.html (also https://www.cnb.cz/en/public/contact_us.html and https://www.cnb.cz/en/public/media-service/),"media@cnb.cz, podatelna@cnb.cz","Ales Michl, Governor (co-author of CNB blog on the test digital-asset portfolio) (https://www.cnb.cz/en/about_cnb/bank-board/)
Karina Kubelkova, Bank Board member; oversees Cash and Payments Dept and Information Systems Dept (division of responsibilities effective 2 Dec 2024) (https://www.cnb.cz/en/cnb-news/press-releases/Division-of-responsibilities-of-the-CNB-Bank-Board-00001/)
Eva Zamrazilova, Deputy Governor; oversees Financial Markets and Resolution Dept (per same release) (https://www.cnb.cz/en/cnb-news/press-releases/Division-of-responsibilities-of-the-CNB-Bank-Board-00001/)","Communications Division (Director Jakub Holas; spokespersons Petra Vlckova, Jaroslav Krejci, named on media-service page)
CNB Lab innovation hub
FinTech contact point
Reserves management and risk management teams (own the test portfolio per CNB blog)","Inference: CNB Lab plus reserves/risk management own the test digital-asset portfolio, so approach via the FinTech contact point/CNB Lab as a technology reference pilot, not formal procurement.","1. Email media@cnb.cz. 2. Then write to Ales Michl (Governor (co-author of CNB blog on the test digital-asset portfolio)). 3. If no reply, ask Communications Division (Director Jakub Holas; spokespersons Petra Vlckova, Jaroslav Krejci, named on media-service page) to route it.","I noticed that Czech National Bank: 13 Nov 2025: USD 1m test portfolio of bitcoin, USD stablecoins and a tokenised dollar deposit, held outside reserves, to be assessed in 2-3 years.",medium
25,Governments and public bodies,Africa,AfCFTA Secretariat,Pan-African (Accra),B · Plausible,"Gold tokenisation strategy presented in 2025, with planned work on secure custody and AML standards.",n/a,An explicit secure-custody workstream and a plan to work with central banks and mining ministries.,"Strategy and pilots, not a procurement process.",https://www.newsghana.com.gh/afcfta-pushes-gold-tokenization-to-transform-african-trade/,"none found as a direct partnership email; contact email on https://au-afcfta.org/contact-us/ is masked. Procurement bids listed at https://au-afcfta.org/bids/ (no contact printed there; see each ToR). Phone +233 59 692 1130, Africa Trade House, Accra.",https://au-afcfta.org/contact-us/,none published,"H.E. Wamkele Mene, Secretary-General (per About page; confirm still current) (https://au-afcfta.org/about/)","Office of the Secretary-General
Communications/Media contacts unit
Procurement (bids page)","Inference: Secretariat programme units (digital trade, PAPSS liaison) own pilots; no purchasing process for this, so approach through a bids response or via ecosystem partners (Afreximbank/PAPSS, member-state agencies).","1. Use the published page: https://au-afcfta.org/contact-us/. 2. Then write to H.E. Wamkele Mene (Secretary-General (per About page; confirm still current)). 3. If no reply, ask Office of the Secretary-General to route it.","I noticed that AfCFTA Secretariat: Gold tokenisation strategy presented in 2025, with planned work on secure custody and AML standards.",low
26,Governments and public bodies,Africa,Afreximbank (including PAPSS),Pan-African,B · Plausible,PAPSS launched a blockchain-based Pan-African Currency Marketplace with Interstellar; July 2026 president said asset-backed stablecoins can earn trust.,Interstellar (marketplace partner),A multi-currency settlement platform may need sovereign-grade custody components.,Stablecoin support is a stated plan only; existing technology partner.,https://www.semafor.com/article/06/27/2025/african-blockchain-currency-exchange-aims-to-break-dollar-dominance,"PAPSS: info@papss.com and the Connect form https://papss.com/connect/#online-request-form (also Get Connected page). Afreximbank: feedback@afreximbank.com (contact page, feedback only); procurement is by published EOI/procurement notices at afreximbank.com (notice read gave a Cairo postal contact, no email).",https://papss.com/get-connected/,"feedback@afreximbank.com, info@papss.com","Mike Ogbalu III, CEO, PAPSS (https://papss.com/about-us/)
Ositadimma Ugwu, Chief Information Officer, PAPSS (https://papss.com/about-us/)
Dr George Elombi, President, Afreximbank (appointment/swearing-in per afreximbank.com news; confirm current) (https://www.afreximbank.com/afreximbank-swears-in-new-president/)","PAPSS CEO's Office
Head, Participants & Membership Management (Noel Adja per PAPSS page)
Head, Product Development and Innovation
Afreximbank procurement notices desk","Inference: PAPSS Product Development/Business Development owns technology pilots, but a participant onboarding/ecosystem channel (Connect form) or EOI response is the route; existing tech partner noted so differentiation needed.","1. Email feedback@afreximbank.com. 2. Then write to Mike Ogbalu III (CEO, PAPSS). 3. If no reply, ask PAPSS CEO's Office to route it.",I noticed that Afreximbank (including PAPSS): PAPSS launched a blockchain-based Pan-African Currency Marketplace with Interstellar; July 2026 president said asset-backed stablecoins can earn trust.,medium
27,Governments and public bodies,Africa,Bank of Ghana,Ghana,B · Plausible,VASP Act 2025 (Act 1154) is the basis for licensing VASPs including stablecoin issuers and tokenisation services; new Virtual Assets Department.,n/a,Licensing is imminent; licensees need custody options that satisfy local-hosting expectations.,VERIFY: whether application pages went live in Q3 2026.,https://www.bog.gov.gh/virtual-assets/,Virtual Assets Department: vasp@bog.gov.gh (printed on the VA page); Secretary's general contact bogsecretary@bog.gov.gh (also on FinTech & Innovation page). Application pages stated to go live by end Q3 2026 (not yet linked when read).,https://www.bog.gov.gh/virtual-assets/,"bogsecretary@bog.gov.gh, vasp@bog.gov.gh","Elhanan Owureku Asare, Head, Fintech and Innovation (https://www.bog.gov.gh/organisational-structure/)
Philip Kwaw Sebuabe, Acting Head, Virtual Assets (https://www.bog.gov.gh/organisational-structure/)
Clarence Blay, Head, Payment Systems (https://www.bog.gov.gh/organisational-structure/)","Secretary of the Bank (bogsecretary@bog.gov.gh)
Office of the Governor (Dr Johnson Pandit Asiama) / Deputy Governors
Virtual Assets Department","Inference: Virtual Assets Department owns licensing/custody; Fintech and Innovation owns sandbox and pilots; route is licence/sandbox application via vasp@bog.gov.gh or via a licensee introduction, not procurement.","1. Email bogsecretary@bog.gov.gh. 2. Then write to Elhanan Owureku Asare (Head, Fintech and Innovation). 3. If no reply, ask Secretary of the Bank (bogsecretary@bog.gov.gh) to route it.",I noticed that Bank of Ghana: VASP Act 2025 (Act 1154) is the basis for licensing VASPs including stablecoin issuers and tokenisation services; new Virtual Assets Department.,high
28,Governments and public bodies,Africa,Bank of Uganda,Uganda,B · Plausible,"Nov 2025: Governor said Uganda is in a pause, not a ban, with a six-pillar framework including client-asset protection; BoU and CMA run sandboxes.",n/a,Client-asset protection plus sandboxes gives an opening for a testnet pilot.,Legislation not enacted.,https://www.bis.org/review/r260210a.htm,none found as an email. Official Help Desk portal https://bankofuganda.zohodesk.com/portal/. Sandbox runs under National Payment Systems (Sandbox) Regulations 2021 within the NPS Department (per BoU NPS Oversight Framework 2025); site is JavaScript-heavy so pages could not be read.,https://bankofuganda.zohodesk.com/portal/,none published,"Michael Atingi-Ego, Governor (https://bou.or.ug/uploads/Governor_s_Remarks_Delivered_at_Centenary_Bank_s_official_Custodial_Services_Launch_1a7f1cbcc2.pdf)","Office of the Governor
NPS Department (Payment Systems Oversight and Policy Division)
Communications/Help Desk","Inference: National Payment Systems Department sandbox/innovations unit would own a pilot; Governor's remarks show custody is offered through licensed commercial banks, so a licensee (bank) introduction is the realistic route.","1. Use the published page: https://bankofuganda.zohodesk.com/portal/. 2. Then write to Michael Atingi-Ego (Governor). 3. If no reply, ask Office of the Governor to route it.","I noticed that Bank of Uganda: Nov 2025: Governor said Uganda is in a pause, not a ban, with a six-pillar framework including client-asset protection; BoU and CMA run sandboxes.",low
29,Governments and public bodies,Africa,Central Bank of Kenya and Capital Markets Authority,Kenya,B · Plausible,VASP Act 2025 in force 4 Nov 2025; custodians an explicitly regulated class; VASP Regulations 2026 gazetted 22 Jul 2026.,n/a,A pilot could fit the licensing run-up.,No licensing start date found; custody requirements not read.,https://allafrica.com/stories/202511180117.html,CMA sandbox: src@cma.or.ke and enquiry form https://sandbox.cma.or.ke/index.php/enquiry (printed on sandbox portal); CMA general corporate@cma.or.ke; CBK general comms@centralbank.go.ke (only email on CBK contact page); CBK tenders https://www.centralbank.go.ke/tenders/ and i-Supplier portal https://www.centralbank.go.ke/i-supplier-portal/. No CBK sandbox contact found.,https://www.sandbox.cma.or.ke/,"comms@centralbank.go.ke, corporate@cma.or.ke, src@cma.or.ke","Dr Kamau Thugge, Governor, Central Bank of Kenya (https://www.centralbank.go.ke/governance/)
Dr Susan Koech, Deputy Governor, CBK (https://www.centralbank.go.ke/governance/)
Wyckliffe M. Shamiah, Chief Executive Officer, Capital Markets Authority (https://www.cma.or.ke/management/)","Office of the Governor (CBK)
CMA CEO's office / Director, Legal Governance & Advisory Services (Corporate Secretary function)
CMA Head of Procurement (Principal Supply Chain Management Officer)
CBK/CMA communications",Inference: CMA Regulatory Sandbox is the concrete door for a custody pilot (Director Market Regulation / Market Deepening); CBK National Payments System dept owns payments pilots; route is sandbox application or licensed-entity introduction.,"1. Email comms@centralbank.go.ke. 2. Then write to Dr Kamau Thugge (Governor, Central Bank of Kenya). 3. If no reply, ask Office of the Governor (CBK) to route it.",I noticed that Central Bank of Kenya and Capital Markets Authority: VASP Act 2025 in force 4 Nov 2025; custodians an explicitly regulated class; VASP Regulations 2026 gazetted 22 Jul 2026.,medium
30,Governments and public bodies,Africa,Financial Services Commission (FSC),Mauritius,B · Plausible,VAITOS Act 2021; Guidance Notes on Stablecoins (reported 24 Aug 2026) with reserve segregation and a ban on algorithmic models.,n/a,Regulated stablecoin issuers need segregated-reserve and key-control tooling.,Law-firm summary; notes not read at source.,https://www.ensafrica.com/news/detail/12419/mauritius-fsc-issues-guidance-notes-on-stable,Innovation Office (Finnovate): finnovate@fscmauritius.org (FSC page directs fintech queries here); general mail@fscmauritius.org; FSC Single Window for licensing submissions. Regulatory Sandbox under s.14B FSA; Innovation Hub s.14C 'launching soon'.,https://www.fscmauritius.org/others/fintech-and-innovation/,"finnovate@fscmauritius.org, mail@fscmauritius.org","Soodesh Jowaheer (Heeraman), Chief Operating Officer (https://www.fscmauritius.org/about-us/leadership-team/)
Jayshree Guness, Assistant Director, heads Authorisation Directorate (https://www.fscmauritius.org/about-us/leadership-team/)
Luxsmi V Dusoruth, Assistant Director, heads Project Office and Innovation Cluster (https://www.fscmauritius.org/about-us/leadership-team/)","Chief Executive's office (homepage names Désiré Vencatachellum only as 'designate', Aug 2025; unconfirmed)
Innovation Office (Finnovate)
FSC Single Window","Inference: Innovation Cluster/Finnovate owns sandbox; Authorisation Directorate owns VA licensing; route is sandbox authorisation or licensed-VA-entity introduction, not procurement.","1. Email finnovate@fscmauritius.org. 2. Then write to Jayshree Guness (Assistant Director, heads Authorisation Directorate). 3. If no reply, ask Chief Executive's office (homepage names Désiré Vencatachellum only as 'designate', Aug 2025; unconfirmed) to route it.",I noticed that Financial Services Commission (FSC): VAITOS Act 2021; Guidance Notes on Stablecoins (reported 24 Aug 2026) with reserve segregation and a ban on algorithmic models.,high
31,Governments and public bodies,Africa,South African Reserve Bank,South Africa,B · Plausible,Project Khokha 2 report (Apr 2022); Exchange Control Circular 3/2026 (3 Mar 2026) on planned crypto exchange-control amendments.,n/a,Wholesale tokenisation and crypto-flow oversight create a need for auditable in-jurisdiction key custody.,Khokha 2 is a 2022 study; circular known via a law-firm article.,https://polity.org.za/article/cracking-down-or-catching-up-south-africas-approach-to-crypto-regulation-part-4-exchange-control-update-2026-04-09,"Fintech Unit: SARB-FINTECH@resbank.co.za (+27 12 313 4795); Procurement: sarb-procurement@resbank.co.za; Governor's Office: governor@resbank.co.za; Media: media@resbank.co.za. IFWG Innovation Hub/sandbox application via https://www.ifwg.co.za (apply link, no email read).",https://www.resbank.co.za/en/home/contact-us,"SARB-FINTECH@resbank.co.za, governor@resbank.co.za, media@resbank.co.za, sarb-procurement@resbank.co.za","Lesetja Kganyago, Governor (https://www.resbank.co.za/en/home/about-us/our-people)
Dr Arif Ismail, Head, National Payment System Department; Chair of IFWG and Head of FinTech Unit (per IFWG site) (https://www.resbank.co.za/en/home/about-us/our-people)
Dr Rashad Cassim, Deputy Governor (https://www.resbank.co.za/en/home/about-us/our-people)","Office of the Governor / Chief of Staff (governor@resbank.co.za)
Media Office
Procurement office
IFWG Innovation Hub","Inference: Fintech Unit with NPS Department owns any sandbox or reference pilot via the IFWG Innovation Hub; no direct custody purchase, so route is IFWG sandbox/hub application or an ecosystem introduction through a licensed participant.","1. Email SARB-FINTECH@resbank.co.za. 2. Then write to Dr Arif Ismail (Head, National Payment System Department; Chair of IFWG and Head of FinTech Unit (per IFWG site)). 3. If no reply, ask Office of the Governor / Chief of Staff (governor@resbank.co.za) to route it.",I noticed that South African Reserve Bank: Project Khokha 2 report (Apr 2022); Exchange Control Circular 3/2026 (3 Mar 2026) on planned crypto exchange-control amendments.,high
32,Governments and public bodies,Global,Government of Bhutan (Druk Holding and Investments),Bhutan,B · Plausible,"Sovereign wealth fund manages the state bitcoin; The Block (Apr 2026) reported about 3,954 BTC remaining, down from c. 13,000 at the Oct 2024 peak.",Not known,A sovereign holder moving large amounts through exchanges may value in-country control and audit.,"On-chain estimates. Reportedly selling, so the pitch is audit and control.",https://www.theblock.co/post/396818/bhutan-moves-23-million-worth-bitcoin,"dhi@dhi.bt (printed on DHI contact page); tel +975-02-336257/8; 5th Floor Bank of Bhutan Main Branch, Thimphu.",https://www.dhi.bt/contact-us,dhi@dhi.bt,"Ujjwal D. Dahal, Chief Executive Officer, DHI (https://www.dhi.bt/about-us/our-team)
Jacques V. Benecke, Chief Technology Officer, DHI Group (https://www.dhi.bt/about-us/our-team)
Phuntsho Namgay, Director, Innovation and Technology (InnoTech) Department (https://www.dhi.bt/about-us/our-team)","CEO office
Company secretary / Office of General Counsel (Karma Choden, Associate Director)
InnoTech Department
Global Securities and Analytics Dept (Lhakyi Tenzing, Director)","Inference: DHI InnoTech with the CEO office and Global Securities and Analytics would own a custody pilot; route is a direct corporate introduction to DHI (state-owned holding), not tender-based.","1. Email dhi@dhi.bt. 2. Then write to Jacques V. Benecke (Chief Technology Officer, DHI Group). 3. If no reply, ask CEO office to route it.","I noticed that Government of Bhutan (Druk Holding and Investments): Sovereign wealth fund manages the state bitcoin; The Block (Apr 2026) reported about 3,954 BTC remaining, down from c.",medium
33,Governments and public bodies,Global,"Kazakhstan: Alem Crypto Fund (Qazaqstan Venture Group, AIFC)",Kazakhstan,B · Plausible,"State-backed crypto fund announced Sep 2025, managed with Binance Kazakhstan, starting with BNB.",Binance link,A state reserve vehicle with long-term holdings needs custody; a Binance link makes sovereignty a pitch.,Separate from the central bank. Amount undisclosed. Press only.,https://cointelegraph.com/news/kazakhstan-state-backed-crypto-fund-bnb-binance,none found. Fund was announced on the Ministry of Artificial Intelligence and Digital Development (MAIDD) portal; the page is JS-rendered and showed no contact in fetch. Fund manager Qazaqstan Venture Group site (qvg.kz) blocks automated fetch so contacts were not read.,https://www.gov.kz/memleket/entities/maidd/press/news/details/1077013?lang=en,none published,none found,"MAIDD press service (gov.kz)
Qazaqstan Venture Group management/investment team
AIFC (Astana International Financial Centre) ecosystem desk",Inference: Qazaqstan Venture Group (fund manager) would own custody selection under MAIDD sponsorship; ecosystem route via AIFC/Astana Hub rather than public procurement.,"1. Use the published page: https://www.gov.kz/memleket/entities/maidd/press/news/details/1077013?lang=en. 2. Then find the relevant head via the organisation's own channel. 3. If no reply, ask MAIDD press service (gov.kz) to route it.","I noticed that Kazakhstan: Alem Crypto Fund (Qazaqstan Venture Group, AIFC): State-backed crypto fund announced Sep 2025, managed with Binance Kazakhstan, starting with BNB.",low
34,Governments and public bodies,Global,Pakistan Crypto Council / PVARA,Pakistan,B · Plausible,May 2025: announced a strategic bitcoin reserve; a Virtual Assets Regulatory Authority reported as approved.,Not stated,State-held assets and a new regulator suggest a need for sovereign-controlled custody.,Announcement by an official; implementation unverified. Political and sanctions risk needs checking.,https://www.dawn.com/news/1914060/,"Application portal https://pvara.gov.pk/apply and Regulatory Sandbox https://pvara.gov.pk/apply/sandbox; licensing support email exists but is obfuscated on page, reveal via 'Support Contact' link on the licensing page (not recorded). Complaints form is the only 'Contact Us'. Pakistan Crypto Council has no separate official site found.",https://pvara.gov.pk/licensing,none published,none found,"PVARA licensing/sandbox desk
PVARA Authority/Board secretariat
Pakistan Crypto Council secretariat (Ministry of Finance)","Inference: PVARA sandbox/licensing is the front door for a custody provider; leadership has been in flux (press reports of the crypto minister resigning Sept 2026), so verify office-holders before outreach.","1. Use the published page: https://pvara.gov.pk/licensing. 2. Then find the relevant head via the organisation's own channel. 3. If no reply, ask PVARA licensing/sandbox desk to route it.",I noticed that Pakistan Crypto Council / PVARA: May 2025: announced a strategic bitcoin reserve; a Virtual Assets Regulatory Authority reported as approved.,low
35,Governments and public bodies,Global,State of New Hampshire (Treasury),United States,B · Plausible,"HB 302 (May 2025) allows up to 5% of public funds in precious metals and large-cap digital assets, with direct custody, a qualified custodian or regulated vehicles.",Not stated,The law explicitly allows direct secure-custody solutions.,Legal permission only; no purchases or procurement confirmed.,https://decrypt.co/330965/these-u-s-states-have-passed-bitcoin-reserve-laws?amp=1,"none found (no email printed). Official contact: State Treasury main line (603) 271-2621, 25 Capitol Street, Room 121, Concord NH. Vendor route would be State purchasing (DAS Bureau of Purchase and Property; page could not be fetched).",https://www.nh.gov/treasury/about-us/,none published,"Monica Mezzapelle, Commissioner of the Treasury (about-us page; a sub-page of the same site labels her Deputy State Treasurer, so confirm title) (https://www.nh.gov/treasury/about-us/)","Office of the State Treasurer/Commissioner
Treasury main line
DAS Bureau of Purchase and Property (procurement)","Inference: the State Treasurer's office would own any reserve custody mandate under the statute; approach is a direct executive-level introduction followed by state procurement, no innovation hub exists.","1. Use the published page: https://www.nh.gov/treasury/about-us/. 2. Then write to Monica Mezzapelle (Commissioner of the Treasury (about-us page; a sub-page of the same site labels her Deputy State Treasurer, so confirm title)). 3. If no reply, ask Office of the State Treasurer/Commissioner to route it.","I noticed that State of New Hampshire (Treasury): HB 302 (May 2025) allows up to 5% of public funds in precious metals and large-cap digital assets, with direct custody, a qualified custodian or regulated vehicles.",low
36,Governments and public bodies,Global,"State of Texas, Comptroller of Public Accounts",United States,B · Plausible,Strategic Bitcoin Reserve created by SB 21 (21 Jun 2025); about $5m of IBIT bought on 20 Nov 2025 as a placeholder. Custodian to be chosen by RFP.,To be chosen,A self-hosted option can be pitched as a direct-custody alternative.,"VERIFY: whether a custodian has since been chosen. State procurement favours established, audited vendors.",https://www.bondbuyer.com/news/texas-makes-first-purchase-for-states-bitcoin-reserve,"Press/communications: communications.contacts@cpa.texas.gov (printed on the 28 May 2026 official release), tel 512-463-4070. Procurement: Statewide Procurement Division / Texas SmartBuy; Centralized Master Bidders List 512-463-3459, Term Contracts 512-463-3034 (contact page). Treasury Operations 512-463-3775. No Bitcoin Reserve vendor mailbox found.",https://comptroller.texas.gov/about/media-center/news/20260528-acting-texas-comptroller-kelly-hancock-names-strategic-bitcoin-reserve-advisory-committee-members-1778774749224 ; https://comptroller.texas.gov/about/contact/ ; https://comptroller.texas.gov/purchasing/,communications.contacts@cpa.texas.gov,"Kelly Hancock, Acting Texas Comptroller of Public Accounts (administers the Texas Strategic Bitcoin Reserve); NOTE the page header of the same release named Don Huffines as Comptroller, so verify current holder (https://comptroller.texas.gov/about/media-center/news/20260528-acting-texas-comptroller-kelly-hancock-names-strategic-bitcoin-reserve-advisory-committee-members-1778774749224)","Office of the Comptroller / Chief Clerk
Communications/media contacts
Strategic Bitcoin Reserve Advisory Committee (named in the 28 May 2026 release)
Treasury Operations Division
Statewide Procurement Division",Inference: Treasury Operations (with the Comptroller's office and the Advisory Committee) would own reserve custody; route is a formal procurement/solicitation via Statewide Procurement plus a written introduction through the Comptroller's communications contacts.,"1. Email communications.contacts@cpa.texas.gov. 2. Then write to Kelly Hancock (Acting Texas Comptroller of Public Accounts (administers the Texas Strategic Bitcoin Reserve); NOTE the page header of the same release named Don Huffines as Comptroller, so verify current holder). 3. If no reply, ask Office of the Comptroller / Chief Clerk to route it.","I noticed that State of Texas, Comptroller of Public Accounts: Strategic Bitcoin Reserve created by SB 21 (21 Jun 2025); about $5m of IBIT bought on 20 Nov 2025 as a placeholder.",medium
37,Governments and public bodies,Global,Thailand Ministry of Finance (G-Token),Thailand,B · Plausible,13 May 2025: Cabinet approved in principle a government token issue of about THB 5bn.,Possibly KuCoin as platform,A government-issued token programme needs controlled issuance keys and approvals.,Approval in principle only; an exchange partner may already be in place.,https://thailand.prd.go.th/en/content/category/detail/id/48/iid/389149,"Email saraban@mof.go.th (MoF registry, printed on MoF contact page); PDMO email saraban@pdmo.go.th (printed on PDMO contact page). No vendor or innovation mailbox found.",https://www.mof.go.th/en/contact-us/ ; https://www.pdmo.go.th/en/about-us/contact-us,"saraban@mof.go.th, saraban@pdmo.go.th","Jindarat Viriyataveekul, Director-General, Public Debt Management Office (https://www2.pdmo.go.th/en/executives)","MoF registry (saraban)
PDMO registry (saraban)
MoF Public Relations Centre / spokesperson
Ministry procurement under Thai e-GP rules","Inference: PDMO runs government bond/G-Token issuance and would own issuance-key custody; route is formal government procurement/e-GP, with an introductory letter via PDMO registry.","1. Email saraban@mof.go.th. 2. Then write to Jindarat Viriyataveekul (Director-General, Public Debt Management Office). 3. If no reply, ask MoF registry (saraban) to route it.",I noticed that Thailand Ministry of Finance (G-Token): 13 May 2025: Cabinet approved in principle a government token issue of about THB 5bn.,medium
38,Governments and public bodies,Africa,BCEAO,WAEMU zone (Dakar),C · Long shot or channel,"22 Jul 2026: CBDC study phase assessing relevance, no deployment decision; crypto regulation in preparation.",n/a,Study stage suggests education-level engagement.,Zone-wide body; slow buyer.,https://www.financialafrik.com/en/2026/07/23/bceao-cautiously-moves-forward-on-digital-currency/,"courrier.bceao@bceao.int (headquarters, printed on contact page) and contact form https://www.bceao.int/fr/contact; procurement page https://www.bceao.int/fr/appels-offres/appels-offres-marches-publics-achats; tel 00 221 33 839 05 00.",https://www.bceao.int/fr/contact,courrier.bceao@bceao.int,"Jean-Claude Kassi Brou, Governor (https://www.bceao.int/fr/contacts)","Cabinet du Gouverneur (Governor's office)
Marchés publics et Achats (procurement)
Communications","Inference: central bank payments/fintech directorate owns any pilot; route is formal procurement (tenders) or ecosystem channel via WAEMU banks and the May 2026 crypto-assets conference stream, slow buyer.","1. Email courrier.bceao@bceao.int. 2. Then write to Jean-Claude Kassi Brou (Governor). 3. If no reply, ask Cabinet du Gouverneur (Governor's office) to route it.","I noticed that BCEAO: 22 Jul 2026: CBDC study phase assessing relevance, no deployment decision; crypto regulation in preparation.",medium
39,Governments and public bodies,Africa,Bank Al-Maghrib and AMMC,Morocco,C · Long shot or channel,Draft Bill 42.25 (Nov 2025) proposes a licensing regime; BAM said in Jul 2026 it is still finalising it.,n/a,Regulators may welcome sandbox testing of sovereign-hosted custody.,Bill unpassed; Morocco banned crypto in 2017. Approach carefully.,https://www.moroccoworldnews.com/2026/07/330814/bam-confirms-progress-on-crypto-law-to-curb-moroccos-growing-underground-market/,"AMMC fintech contact form https://www.ammc.ma/fr/form/fintech-form (teams answer fintech questions); AMMC contacts@ammc.ma (printed on contact page); Bank Al-Maghrib: none found, contact page https://www.bkam.ma/en/Contact-us was unreadable.",https://www.ammc.ma/fr/fintech,contacts@ammc.ma,none found,"Governor's office (BAM)
AMMC President's office
Morocco Fintech Center association (BAM press release)","Inference: no live custody regime (crypto banned 2017, bill pending); engage only as ecosystem/consultation via AMMC fintech form and Morocco Fintech Center, not as a pilot buyer. Leader names none found (pages did not name them).","1. Email contacts@ammc.ma. 2. Then find the relevant head via the organisation's own channel. 3. If no reply, ask Governor's office (BAM) to route it.",I noticed that Bank Al-Maghrib and AMMC: Draft Bill 42.25 (Nov 2025) proposes a licensing regime; BAM said in Jul 2026 it is still finalising it.,low
40,Governments and public bodies,Africa,Bank of Mauritius,Mauritius,C · Long shot or channel,Digital rupee CBDC in experimentation (Sep 2023); licence required for stablecoins offered as payment instruments.,n/a,Two-tier CBDC and stablecoin gatekeeping suggests interest in reviewable custody for distributors.,VERIFY: CBDC facts from 2023.,https://www.mariblock.com/stories/bank-of-mauritius-advances-towards-the-launch-of-its-cbdc,Innov8 innovation hub: innovationHub@bom.mu (printed on innov8.bom.mu); Regulatory Sandbox Authorization form linked there; PoC project registration; general communications@bom.mu.,https://innov8.bom.mu,"communications@bom.mu, innovationHub@bom.mu","Dr Priscilla Muthoora Thakoor, Governor and Chairperson of the Board (https://www.bom.mu/about-the-bank/board-of-directors)
Rajeev Hasnah, First Deputy Governor (https://www.bom.mu/about-the-bank/board-of-directors)
Ramsamy Chinniah, Second Deputy Governor (https://www.bom.mu/about-the-bank/board-of-directors)","Office of the Governor
Innov8 officers
Payment Systems/CBDC team
Communications","Inference: Innov8 owns sandbox and PoC pilots (CBDC, FMIs); route is sandbox authorisation or PoC registration.","1. Email communications@bom.mu. 2. Then write to Dr Priscilla Muthoora Thakoor (Governor and Chairperson of the Board). 3. If no reply, ask Office of the Governor to route it.",I noticed that Bank of Mauritius: Digital rupee CBDC in experimentation (Sep 2023); licence required for stablecoins offered as payment instruments.,high
41,Governments and public bodies,Africa,Bank of Namibia,Namibia,C · Long shot or channel,"Prudential regulator under the Virtual Assets Act 2023, in operation since 25 Jul 2023.",n/a,Licensed providers may need local custody.,2023 release; current rules not checked.,https://www.bon.com.na/Informations/Media/Media-Releases/2023-Media-Releases/Articles/Media-release-Virtual-Assets-Act.aspx,Office of the Governor gov@bon.com.na (printed on contact page); FinTech application form under Innovation Hub https://www.bon.com.na/About-Us/Innovation-Hub/FinTech-Application-Form.aspx; Contact page https://www.bon.com.na/Informations/Contact.aspx; tel +264 61 283 5111.,https://www.bon.com.na/Informations/Contact.aspx,gov@bon.com.na,"Ebson Uanguta, Governor (https://www.bon.com.na)","Office of the Governor (gov@bon.com.na)
Innovation Hub
National Payment System department",Inference: Innovation Hub FinTech application is the entry; NPS department owns payments oversight; route is the FinTech application form or licensed-VASP introduction.,"1. Email gov@bon.com.na. 2. Then write to Ebson Uanguta (Governor). 3. If no reply, ask Office of the Governor (gov@bon.com.na) to route it.","I noticed that Bank of Namibia: Prudential regulator under the Virtual Assets Act 2023, in operation since 25 Jul 2023.",medium
42,Governments and public bodies,Africa,Bank of Tanzania,Tanzania,C · Long shot or channel,30 Jul 2026 report: BoT completed a virtual-asset sector assessment and a regulatory concept.,n/a,Concept stage suggests openness to technical engagement.,Only the opening paragraph loaded.,https://thecitizen.co.tz/tanzania/business/bot-completes-regulatory-concept-framework-for-crypto-regulation-5540320,"info@bot.go.tz and botcommunications@bot.go.tz (printed on BoT sandbox page); sandbox (Technology Innovation Testing Environment) applications via the Bank, https://www.bot.go.tz/DFDI/Sandbox; tel +255 22 2232541.",https://www.bot.go.tz/DFDI/Sandbox,"botcommunications@bot.go.tz, info@bot.go.tz","Emmanuel M. Tutuba, Governor (https://www.bot.go.tz/Governors)
Dr Yamungu Kayandabila, Deputy Governor (https://www.bot.go.tz/Governors)
Sauda Kassim Msemo, Deputy Governor (https://www.bot.go.tz/Governors)","Office of the Governor
Directorate of Financial Inclusion and Deepening (DFDI)
Communications unit","Inference: DFDI owns sandbox, National Payment Systems directorate owns payments pilots; route is sandbox application, with crypto stance restrictive so introduction via licensed bank/PSP is safer.","1. Email botcommunications@bot.go.tz. 2. Then write to Emmanuel M. Tutuba (Governor). 3. If no reply, ask Office of the Governor to route it.",I noticed that Bank of Tanzania: 30 Jul 2026 report: BoT completed a virtual-asset sector assessment and a regulatory concept.,medium
43,Governments and public bodies,Africa,Bank of Zambia,Zambia,C · Long shot or channel,Mar 2026: required VASPs to register by 27 Mar and barred regulated institutions from dealing with unregistered ones.,n/a,A register of VASPs offering safeguarding suggests future custody expectations.,Registration is not a licence; full framework undated.,https://www.zambiamonitor.com/?p=82675,none found. Website is JavaScript-loaded and unreadable; Payment Systems pages exist at https://www.boz.zm/payment-systems/designation-of-payment-systems and EOIs are published as PDFs on boz.zm.,https://www.boz.zm,none published,none found,"Office of the Governor
Payment Systems Department
Communications",Inference: Payment Systems Department owns payments/sandbox engagement; route is designation/licensing via the department or a licensed PSP introduction. Leaders not verified (site unreadable).,"1. Use the published page: https://www.boz.zm. 2. Then find the relevant head via the organisation's own channel. 3. If no reply, ask Office of the Governor to route it.",I noticed that Bank of Zambia: Mar 2026: required VASPs to register by 27 Mar and barred regulated institutions from dealing with unregistered ones.,low
44,Governments and public bodies,Africa,Central Bank of Egypt,Egypt,C · Long shot or channel,Digital EGP CBDC moved from research to proof of concept; rollout broadly targeted for 2030.,n/a,Long CBDC runway suggests interest in sovereign key infrastructure later.,No stated crypto position; unlikely to buy from an unproven vendor.,https://enterpriseam.com/egypt/2026/07/07/central-bank-of-egypt-playing-long-game-on-digital-egp/,"none found. CBE contact, FinTech & Innovation Hub and Regulatory Sandbox pages are listed in search but blocked to fetch: https://www.cbe.org.eg/en/financial-technology/regulatory-sandbox, https://cbe.org.eg/en/contact-us",https://cbe.org.eg/en/contact-us,none published,none found,"Office of the Governor
FinTech & Innovation Hub / sandbox team
Media relations","Inference: CBE FinTech and Innovation unit owns sandbox; route is sandbox application, but no stated crypto stance so low likelihood. Leader names not verified.","1. Use the published page: https://cbe.org.eg/en/contact-us. 2. Then find the relevant head via the organisation's own channel. 3. If no reply, ask Office of the Governor to route it.",I noticed that Central Bank of Egypt: Digital EGP CBDC moved from research to proof of concept; rollout broadly targeted for 2030.,low
45,Governments and public bodies,Africa,Central Bank of Nigeria,Nigeria,C · Long shot or channel,"eNaira CBDC launched Oct 2021, built by Bitt Inc.",Bitt Inc (eNaira),"A sovereign, non-foreign-vendor key layer might appeal.",VERIFY: source dated Jan 2024; no 2026 stance found.,https://techeconomy.ng/experts-react-to-cbn-backed-stablecoin-cngn,"CBN Regulatory Sandbox portal https://sandbox-portal.cbn.gov.ng (registration/submission; support via portal), run by Payments System Policy Department; contact page https://www.cbn.gov.ng/Contacts/ has email addresses hidden by Cloudflare so none recorded; phones +234 906 980 3800, +234 707 338 4828.",https://sandbox.cbn.gov.ng/,none published,"Olayemi Cardoso, Governor (https://www.cbn.gov.ng/AboutCBN/Biodata/cardoso.htm)","Office of the Governor
Payments System Policy Department
Corporate communications",Inference: Payments System Policy Department owns sandbox and stablecoin/cNGN-related pilots; route is sandbox portal application or licensed PSP/bank introduction.,"1. Use the published page: https://sandbox.cbn.gov.ng/. 2. Then write to Olayemi Cardoso (Governor). 3. If no reply, ask Office of the Governor to route it.","I noticed that Central Bank of Nigeria: eNaira CBDC launched Oct 2021, built by Bitt Inc.",medium
46,Governments and public bodies,Africa,Financial Intelligence Centre,South Africa,C · Long shot or channel,"Public Compliance Communication 61 (Apr 2026) on the Travel Rule for CASP transfers, building on Directive 9.",n/a,Audit and reconciliation outputs could suit supervisory needs; a stretch.,Relationship target only. Law-firm summary.,https://acts.co.za/news/blog/2026/04/fic-pcc-61-travel-rule-casps,none found as email. Contact the FIC +27 12 641 6000; procurement/tenders page https://www.fic.gov.za/procurement/. Pages read printed no email.,https://www.fic.gov.za,none published,"Thabiso Thiti, Director and Accounting Authority (appointed 15 April 2026) (https://fic.gov.za/wp-content/uploads/2026/09/FIC-Annual-Report-2025-2026.pdf)
Christopher Malan, Executive Manager, Compliance & Prevention (https://fic.gov.za/wp-content/uploads/2026/09/FIC-Annual-Report-2025-2026.pdf)
Priya Biseswar, Executive Manager, Monitoring & Analysis (https://fic.gov.za/wp-content/uploads/2026/09/FIC-Annual-Report-2025-2026.pdf)","Director's office
Corporate Services (Executive Manager Macs Maboka) incl. supply chain
Communications","Inference: Compliance & Prevention owns travel-rule/CASP supervisory engagement; relationship target only, route is ecosystem/consultation and tender portal, no pilot buyer.","1. Use the published page: https://www.fic.gov.za. 2. Then write to Thabiso Thiti (Director and Accounting Authority (appointed 15 April 2026)). 3. If no reply, ask Director's office to route it.","I noticed that Financial Intelligence Centre: Public Compliance Communication 61 (Apr 2026) on the Travel Rule for CASP transfers, building on Directive 9.",medium
47,Governments and public bodies,Africa,Financial Sector Conduct Authority,South Africa,C · Long shot or channel,Crypto assets declared a financial product under FAIS (2022); CASP licensing to a 30 Nov 2023 deadline.,n/a,Could treat a custody pilot as a sandbox reference for licensed custodians.,"Regulator, unlikely to buy. Source is an aggregator.",https://regalert.today/guides/crypto/ZA,Regulator liaison [named individual address omitted] and media communications@fsca.co.za (both printed on contact page); innovation/sandbox through IFWG Innovation Hub https://www.ifwg.co.za (FSCA fintech department staff named there).,https://www.fsca.co.za/Pages/Contact-Us.aspx,communications@fsca.co.za,"Kagiso Mothibi, Head, Fintech Department, FSCA (per IFWG site) (https://www.ifwg.co.za)
Unathi Kamlana, Commissioner (reappointed March 2026, per National Treasury site) (https://www.treasury.gov.za/contact/default.aspx)","Office of the Commissioner
Communications department
Fintech Department / IFWG Innovation Hub",Inference: FSCA Fintech Department owns CASP licensing and sandbox through the IFWG Innovation Hub; route is sandbox application or licensed CASP introduction.,"1. Email communications@fsca.co.za. 2. Then write to Kagiso Mothibi (Head, Fintech Department, FSCA (per IFWG site)). 3. If no reply, ask Office of the Commissioner to route it.",I noticed that Financial Sector Conduct Authority: Crypto assets declared a financial product under FAIS (2022); CASP licensing to a 30 Nov 2023 deadline.,medium
48,Governments and public bodies,Africa,Financial Services Authority,Seychelles,C · Long shot or channel,Licenses VASPs under the VASP Act 2024; transitional period ended 31 Dec 2024.,n/a,Small regime with established VASPs; custody for licensees plausible.,Regulator only; licensee count not checked.,https://fsaseychelles.sc/media/regupdates/Press_Release_-_End_of_Transitional_Period_under_VASP_Act.pdf,"enquiries@fsaseychelles.sc (general, also printed as contact for VASP applications); VASP licensing pages https://fsaseychelles.sc/vasp/apply-for-license and online submission form; Regulatory Sandbox https://fsaseychelles.sc/regulated-entities/regulatory-sandbox.",https://fsaseychelles.sc/vasp/submit-your-application,enquiries@fsaseychelles.sc,"Pascal Morin, Chief Executive Officer (https://fsaseychelles.sc/about/leadership-team)
Virginie Quatre, Director Capital Markets (https://fsaseychelles.sc/about/leadership-team)
Anitha Naidu, Director AML/CFT (https://fsaseychelles.sc/about/leadership-team)","CEO's office
Lissa Bristol, Director Corporate Communications and International Engagement
Esther Boniface, Chief Operating Officer",Inference: Capital Markets / VASP licensing team owns custody licensing and sandbox (a digital custodian already sits in the sandbox); route is VASP licence/sandbox application or licensee introduction.,"1. Email enquiries@fsaseychelles.sc. 2. Then write to Virginie Quatre (Director Capital Markets). 3. If no reply, ask CEO's office to route it.",I noticed that Financial Services Authority: Licenses VASPs under the VASP Act 2024; transitional period ended 31 Dec 2024.,high
49,Governments and public bodies,Africa,NBFIRA,Botswana,C · Long shot or channel,Licensed Yellow Card Botswana as a VASP under the Virtual Assets Act 2022.,n/a,Licensee-facing custody tooling is plausible.,2022 notice; current licensee list not checked.,https://nbfira.org.bw/node/1133,"info@nbfira.org.bw (general, site footer, per 2022 VASP licensing notice); licence application page https://www.nbfira.org.bw/application/. A named licensing mailbox appeared in a 2022 notice and is deliberately not recorded.",https://www.nbfira.org.bw/news/licensing-virtual-assets-service-providers/,info@nbfira.org.bw,none found,"Chief Executive Officer's office (CEO vacancy page exists, current holder not confirmed)
Deputy CEO Regulatory
Communications",Inference: Regulatory directorate owns VASP licensing under the Virtual Assets Act; route is licence application or licensee introduction. Leaders not confirmed.,"1. Email info@nbfira.org.bw. 2. Then find the relevant head via the organisation's own channel. 3. If no reply, ask Chief Executive Officer's office (CEO vacancy page exists, current holder not confirmed) to route it.",I noticed that NBFIRA: Licensed Yellow Card Botswana as a VASP under the Virtual Assets Act 2022.,low
50,Governments and public bodies,Africa,National Treasury,South Africa,C · Long shot or channel,Feb 2026 Budget: draft Currency and Exchanges Act regulations to bring crypto into capital-flow management.,n/a,Policy work could use a reviewable reference custody architecture.,"Policy body, not a software buyer. VERIFY whether draft published.",https://polity.org.za/article/cracking-down-or-catching-up-south-africas-approach-to-crypto-regulation-part-4-exchange-control-update-2026-04-09,Office of the Chief Procurement Officer: CPO@treasury.gov.za (SCM/procurement); Communications Unit media@treasury.gov.za (media only); Office of the Minister MINREG@treasury.gov.za; Director-General registry DGRegistry@treasury.gov.za. All printed on the Treasury contacts page.,https://www.treasury.gov.za/nt/contacts.aspx,"CPO@treasury.gov.za, DGRegistry@treasury.gov.za, MINREG@treasury.gov.za, media@treasury.gov.za","Dr Duncan Pieterse, Director-General (https://www.treasury.gov.za/nt/contacts.aspx)
Christopher Axelson, Deputy Director-General, Tax and Financial Sector Policy (https://www.treasury.gov.za/nt/contacts.aspx)
Enoch Godongwana, Minister of Finance (https://www.treasury.gov.za/contact/default.aspx)","Office of the Minister
DG registry
Communications Unit
Office of the Chief Procurement Officer","Inference: Financial Sector Policy (DDG) owns crypto/stablecoin policy; not a software buyer, so route is policy consultation/ecosystem channel; procurement only via OCPO tenders/transversal contracts.","1. Email CPO@treasury.gov.za. 2. Then write to Dr Duncan Pieterse (Director-General). 3. If no reply, ask Office of the Minister to route it.",I noticed that National Treasury: Feb 2026 Budget: draft Currency and Exchanges Act regulations to bring crypto into capital-flow management.,medium
51,Governments and public bodies,Africa,Securities and Exchange Commission Ghana,Ghana,C · Long shot or channel,Press release on passage of the VASP Bill; co-licenses VASPs with the Bank of Ghana.,n/a,Co-licensor could consider a self-hosted option for capital-market VASPs.,VERIFY: search snippet only.,https://sec.gov.gh/wp-content/uploads/Press-Release/PRESS%20RELEASE-VASP%20BILL%20PASSAGE%20NOTICE%20NO.SECPR001122025.pdf,"Virtual asset sandbox: vasp@sec.gov.gh (printed in SEC sandbox notice, 23 Jan 2026); general info@sec.gov.gh; toll-free 0 800 100 065.",https://sec.gov.gh/press-release-notice-on-the-securities-and-exchange-commissions-sec-virtual-asset-sandbox/,"info@sec.gov.gh, vasp@sec.gov.gh",none found,"Director-General's office
Executive Commissioners (page exists, not readable)
Public relations/communications",Inference: SEC's virtual asset sandbox team owns custody-related sandbox; route is sandbox application per 2026 sandbox licensing guidelines or licensed participant introduction. Leader names none found (not readable).,"1. Email info@sec.gov.gh. 2. Then find the relevant head via the organisation's own channel. 3. If no reply, ask Director-General's office to route it.",I noticed that Securities and Exchange Commission Ghana: Press release on passage of the VASP Bill; co-licenses VASPs with the Bank of Ghana.,medium
52,Governments and public bodies,Africa,Securities and Exchange Commission Nigeria,Nigeria,C · Long shot or channel,"ISA 2025 extends securities to digital assets; proposed rules on digital asset operations, custody and markets dated 17 Sep 2026.",n/a,A custody rulebook in consultation suggests demand for compliant software.,"Proposed rules, not law. More a standards-setter than a buyer.",https://sec.gov.ng/for-investors/proposed-rules-digital-and-virtual-assets-operations-custody-and-markets/,SEC Innovation Office / FinPort: innovation@sec.gov.ng and fintech@sec.gov.ng (printed on About FinPort page); general sec@sec.gov.ng; tel +234 (209) 46211168.,https://sec.gov.ng/fintech-and-innovation-hub-finport/about-finport/,"fintech@sec.gov.ng, innovation@sec.gov.ng, sec@sec.gov.ng","Dr Emomotimi Agama, Director General (https://sec.gov.ng/about/organizational-chart/board-of-directors/)
Mairiga Katuka, Chairman, Board (https://sec.gov.ng/about/organizational-chart/board-of-directors/)
Frana Chukwuogor, Executive Commissioner, Legal and Enforcement (https://sec.gov.ng/about/organizational-chart/board-of-directors/)","Office of the Director General
Corporate Services (Samiya H. Usman, Exec Commissioner)
Innovation Office",Inference: FinPort/Innovation Office owns Regulatory Incubation (RI) and ARIP; route is RI sandbox application or digital-asset-custodian licensee introduction.,"1. Email fintech@sec.gov.ng. 2. Then write to Dr Emomotimi Agama (Director General). 3. If no reply, ask Office of the Director General to route it.","I noticed that Securities and Exchange Commission Nigeria: ISA 2025 extends securities to digital assets; proposed rules on digital asset operations, custody and markets dated 17 Sep 2026.",high
53,Governments and public bodies,Global,Bank for International Settlements (Project Agora),International,C · Long shot or channel,27 May 2026 results: atomic cross-border settlement with tokenised reserves and deposits is achievable; seven central banks and 40+ firms took part.,n/a,Central banks keeping autonomy favours sovereign-run infrastructure.,"A convener, not a buyer. Use for network access to member central banks.",https://infobytes.orrick.com/2026-05-29/international-central-banks-and-financial-institutions-announce-successful-tokenized-cross-border-payment-prototype-test/,No Agora mailbox. General email@bis.org; media@bis.org (contact page). Private-sector participation is through the IIF-convened group (regulated financial institutions only) per Agora FAQ.,https://www.bis.org/about/contact.htm ; https://www.bis.org/innovation_hub/projects/agora_faq.pdf,"email@bis.org, media@bis.org","Tommaso Mancini-Griffoli, Head of the BIS Innovation Hub (https://www.bis.org/about/bio_mancini.htm)","BIS Innovation Hub
BIS Media Relations
Participating central banks
IIF (convener of private sector group)",Inference: the BIS Innovation Hub runs Agora but vendors cannot join directly; engage the participating central banks or regulated banks in the IIF group (ecosystem channel).,"1. Email email@bis.org. 2. Then write to Tommaso Mancini-Griffoli (Head of the BIS Innovation Hub). 3. If no reply, ask BIS Innovation Hub to route it.",I noticed that Bank for International Settlements (Project Agora): 27 May 2026 results: atomic cross-border settlement with tokenised reserves and deposits is achievable; seven central banks and 40+ firms took part.,medium
54,Governments and public bodies,Global,Bank of England / HM Treasury,United Kingdom,C · Long shot or channel,"22 Jun 2026 policy statement on sterling systemic stablecoins; backing assets in a statutory trust, third-party custodians as separate entities.",n/a,Issuers need safeguarding and segregation controls.,"Rules concern backing assets, not keys. Not a buyer.",https://www.bankofengland.co.uk/paper/2026/ps/sterling-denominated-systemic-stablecoin,"Digital Securities Sandbox: DSSEnquiries@bankofengland.co.uk (printed; applications via the FCA Gate 1 form). General: enquiries@bankofengland.co.uk; press@bankofengland.co.uk. HM Treasury: online enquiry form, press pressoffice@hmtreasury.gov.uk. BoE supplier info under 'Supplying goods and services'.",https://www.bankofengland.co.uk/financial-stability/digital-securities-sandbox/applying-to-the-dss-who-is-eligible-and-how-to-apply ; https://www.bankofengland.co.uk/contact ; https://www.gov.uk/government/organisations/hm-treasury,"DSSEnquiries@bankofengland.co.uk, enquiries@bankofengland.co.uk, press@bankofengland.co.uk, pressoffice@hmtreasury.gov.uk","Sarah Breeden, Deputy Governor, Financial Stability (https://www.bankofengland.co.uk/about/people/governors)
Sir Dave Ramsden, Deputy Governor, Markets and Banking (https://www.bankofengland.co.uk/about/people/governors)
Gwyneth Nurse, Director General, Financial Services, HM Treasury (https://www.gov.uk/government/organisations/hm-treasury)","Governor's private office
Press office
DSS enquiries team
HM Treasury Correspondence and Enquiry Unit","Inference: the stablecoin regime concerns issuers, so a safeguarding/custody vendor is a supplier to issuers; the practical route is the Digital Securities Sandbox (DSSEnquiries) or ecosystem partnership with issuers, not BoE procurement.","1. Email DSSEnquiries@bankofengland.co.uk. 2. Then write to Gwyneth Nurse (Director General, Financial Services, HM Treasury). 3. If no reply, ask Governor's private office to route it.","I noticed that Bank of England / HM Treasury: 22 Jun 2026 policy statement on sterling systemic stablecoins; backing assets in a statutory trust, third-party custodians as separate entities.",medium
55,Governments and public bodies,Global,Bank of Korea,South Korea,C · Long shot or channel,Project Hangang (deposit tokens); July 2026 report of a 2027 tokenised government bond pilot settled in wholesale CBDC.,Not stated,A 2027 pilot gives time for a pre-pilot dialogue on key custody.,Press only; domestic incumbents likely to dominate.,https://forklog.com/en/news/south-korea-to-test-tokenized-government-bonds-in-2027,"Office of Digital Currency: bokcbdctech@bok.or.kr; Payment & Settlement Systems Dept: bokdpmp@bok.or.kr; Office of Digital Innovation: di@bok.or.kr; Communications: publicinfo@bok.or.kr (all printed on the BOK Head Office page; page notes some mailto targets differ from visible text, so verify). Office of Digital Currency tel 02-750-6639.",https://www.bok.or.kr/eng/main/contents.do?menuNo=400246,"bokcbdctech@bok.or.kr, bokdpmp@bok.or.kr, di@bok.or.kr, publicinfo@bok.or.kr, secretariat@bok.or.kr","Hyun Song Shin, Governor (BOK governor page; BIS statement of appointment 16 Apr 2026) (https://www.bok.or.kr/eng/main/contents.do?menuNo=400243)","Secretariat (secretariat@bok.or.kr)
Communications Department
Office of Digital Currency under Payment & Settlement Systems Dept
Office of Digital Innovation","Inference: Office of Digital Currency (Project Hangang) owns the pilot; as a vendor, engage via participating commercial banks or the Office of Digital Currency for a pre-pilot dialogue, not procurement.","1. Email bokcbdctech@bok.or.kr. 2. Then write to Hyun Song Shin (Governor (BOK governor page; BIS statement of appointment 16 Apr 2026)). 3. If no reply, ask Secretariat (secretariat@bok.or.kr) to route it.",I noticed that Bank of Korea: Project Hangang (deposit tokens); July 2026 report of a 2027 tokenised government bond pilot settled in wholesale CBDC.,medium
56,Governments and public bodies,Global,Bureau of the Treasury,Philippines,C · Long shot or channel,Nov 2023: sold PHP 15bn of tokenised Treasury bonds on its own distributed-ledger registry.,Own registry,"Runs its own ledger registry, suggesting openness to government-run infrastructure.",VERIFY: 2023 source; later issuance not checked.,https://wealthinsights.metrobank.com.ph/bworldonline/phl-sells-p15b-of-tokenized-t-bonds,feedback@treasury.gov.ph (printed on Contact Us page); trunkline +63 2 8663-2287. Procurement: Competitive bidding/ITB listings on the Procurement page (no BAC email printed on page).,https://www.treasury.gov.ph/?page_id=70330 ; https://www.treasury.gov.ph/?page_id=55111,feedback@treasury.gov.ph,"Sharon P. Almanza, Treasurer of the Philippines (https://www.treasury.gov.ph/?page_id=62973)
Ma. Nanette C. Diaz, Deputy Treasurer overseeing Liability Management Service and Management Information Systems Service (Key Officials page; may be dated) (https://www.treasury.gov.ph/?page_id=68)
Wilfredo L. Yatco, Director, Management Information Systems Service (same page; may be dated) (https://www.treasury.gov.ph/?page_id=68)","Office of the Treasurer
Bids and Awards Committee (procurement)
Liability Management Service
Management Information Systems Service","Inference: Liability Management and MIS Service own the tokenized bond ledger; formal route is competitive bidding via the BAC, with a technical briefing requested through the Office of the Treasurer.","1. Email feedback@treasury.gov.ph. 2. Then write to Wilfredo L. Yatco (Director, Management Information Systems Service (same page; may be dated)). 3. If no reply, ask Office of the Treasurer to route it.",I noticed that Bureau of the Treasury: Nov 2023: sold PHP 15bn of tokenised Treasury bonds on its own distributed-ledger registry.,medium
57,Governments and public bodies,Global,Central Bank of the UAE,United Arab Emirates,C · Long shot or channel,Mar 2023 Digital Dirham strategy with G42 Cloud and R3 as providers.,"G42 Cloud, R3",G42 as in-country infrastructure suggests a preference for UAE-hosted systems.,VERIFY: 2023 source. Partners already chosen; approach via ecosystem players.,https://www.moodys.com/web/en/us/insights/regulatory-news/cbuae-launches-strategy-for-digital-dirham.html,none found (email hidden). Contact form https://centralbank.ae/en/contact-us/ ; tel +971 2 691 5555 ; FinTech Office page with co-sandbox arrangement; Procurement and Contracts Management page.,https://centralbank.ae/en/contact-us/ ; https://www.centralbank.ae/en/fintech-office ; https://centralbank.ae/en/our-operations/the-procurement-and-contracts-management/,none published,"Khaled Balama, Governor (named on CBUAE homepage release) (https://centralbank.ae/en)","Governor's office
Communications
FinTech Office
Procurement and Contracts Management","Inference: the FinTech Office plus the Digital Dirham programme team own pilots; for UAE-hosted custody the route is the FinTech Office sandbox/ecosystem channel with local partners, with procurement only for CBUAE's own systems.","1. Use the published page: https://centralbank.ae/en/contact-us/ ; https://www.centralbank.ae/en/fintech-office ; https://centralbank.ae/en/our-operations/the-procurement-and-contracts-management/. 2. Then write to Khaled Balama (Governor (named on CBUAE homepage release)). 3. If no reply, ask Governor's office to route it.",I noticed that Central Bank of the UAE: Mar 2023 Digital Dirham strategy with G42 Cloud and R3 as providers.,low
58,Governments and public bodies,Global,European Central Bank / Eurosystem (Pontes),Euro area,C · Long shot or channel,Pontes links market DLT platforms to TARGET; initial launch planned Q3 2026.,n/a,Participants connecting DLT platforms will need controlled key custody.,"Channel, not buyer. Launch not verified.",https://www.ecb.europa.eu/paym/target/pontes/html/index.de.html,"none found for Pontes (no mailbox). Use ECB Information Request Form (24 languages), tel +49 69 1344 0; media@ecb.europa.eu (press only). Procurement via ECB Tenders and electronic tendering system. Eligibility requires T2 access, so participation goes via national central bank.",https://www.ecb.europa.eu/services/contacts/html/index.en.html ; https://www.ecb.europa.eu/paym/target/pontes/html/index.en.html,media@ecb.europa.eu,"Thomas Vlassopoulos, Director General, Market Infrastructure and Payments (https://www.ecb.europa.eu/press/pr/date/2025/html/ecb.pr250610~f79520493a.en.html)
Piero Cipollone, Member of the Executive Board (portfolio not stated on the fetched Board page) (https://www.ecb.europa.eu/ecb/decisions/eb/html/index.en.html)","DG Market Infrastructure and Payments
Pontes market contact group
DG Secretariat
DG Communications (Wolfgang Proissl)
National central banks (participant access)","Inference: DG Market Infrastructure and Payments owns Pontes; a vendor serves eligible DLT operators and banks, so the route is the Pontes market contact group via ecosystem partners, not ECB procurement.","1. Email media@ecb.europa.eu. 2. Then write to Thomas Vlassopoulos (Director General, Market Infrastructure and Payments). 3. If no reply, ask DG Market Infrastructure and Payments to route it.",I noticed that European Central Bank / Eurosystem (Pontes): Pontes links market DLT platforms to TARGET; initial launch planned Q3 2026.,medium
59,Governments and public bodies,Global,Government of El Salvador (Bitcoin Office),El Salvador,C · Long shot or channel,"May 2026: strategic bitcoin reserve passed USD 600m in value, with IMF compliance questions continuing.",Not known,A reserve under IMF scrutiny needs verifiable controls and audit trails.,Politically sensitive. Press only.,https://www.intellinews.com/el-salvador-s-bitcoin-reserve-tops-600mn-as-imf-compliance-questions-persist-443172/,"Bitcoin Office official site not found. Adjacent regulator CNAD (National Digital Assets Commission): info@cnad.gob.sv, tel +503 2224 0942 (printed on CNAD site).",https://cnad.gob.sv/contact/,info@cnad.gob.sv,"Juan Carlos Reyes, President and CEO, National Digital Assets Commission (CNAD), regulator, not the Bitcoin Office itself (https://cnad.gob.sv/the-commission/)","CNAD presidency
Presidential press office
Ministry of Finance (Hacienda) for procurement via COMPRASAL","Inference: custody for the national reserve sits with the Bitcoin Office/Ministry of Finance under IMF scrutiny; initial contact via CNAD as regulator, procurement via COMPRASAL if tendered.","1. Email info@cnad.gob.sv. 2. Then write to Juan Carlos Reyes (President and CEO, National Digital Assets Commission (CNAD), regulator, not the Bitcoin Office itself). 3. If no reply, ask CNAD presidency to route it.","I noticed that Government of El Salvador (Bitcoin Office): May 2026: strategic bitcoin reserve passed USD 600m in value, with IMF compliance questions continuing.",low
60,Governments and public bodies,Global,Hong Kong Monetary Authority,Hong Kong,C · Long shot or channel,Project Ensemble wholesale CBDC sandbox (Mar 2024); tokenised settlement in the Nov 2025 digital green bond.,Not stated,Banks and custodians joining the sandbox need key-management controls.,VERIFY: 2026 status of Ensemble not checked.,https://www.info.gov.hk/gia/general/202403/07/P2024030700322.htm,"hkma_sandbox@hkma.gov.hk (pilot trials in the Fintech Supervisory Sandbox, printed on FSS page); [named individual address omitted] (FSS 3.0 letter of support); [named individual address omitted] (FSS 3.1 pilot, Cyberport). Note FSS is bank-led; tech firms may use the Fintech Supervisory Chatroom.",https://www.hkma.gov.hk/eng/key-functions/international-financial-centre/fintech/fintech-supervisory-sandbox-fss/,hkma_sandbox@hkma.gov.hk,"Eddie Yue, Chief Executive (https://www.hkma.gov.hk/eng/key-functions/international-financial-centre/fintech/)
Colin Pou, Executive Director (Financial Infrastructure), per speech listing (https://www.hkma.gov.hk/eng/key-functions/international-financial-centre/fintech/)","Fintech Facilitation Office
Fintech Supervisory Chatroom
Chief Executive's office
HKMA Contact Us page (https://www.hkma.gov.hk/eng/other-information/contact-us/)","Inference: the Fintech Facilitation Office and Financial Infrastructure division own the sandbox, so a custody vendor should partner with a participating bank and use the sandbox/chatroom ecosystem channel.","1. Email hkma_sandbox@hkma.gov.hk. 2. Then write to Colin Pou (Executive Director (Financial Infrastructure), per speech listing). 3. If no reply, ask Fintech Facilitation Office to route it.",I noticed that Hong Kong Monetary Authority: Project Ensemble wholesale CBDC sandbox (Mar 2024); tokenised settlement in the Nov 2025 digital green bond.,medium
61,Governments and public bodies,Global,Monetary Authority of Singapore,Singapore,C · Long shot or channel,Nov 2024: SGD Testnet for wholesale CBDC settlement for Project Guardian and Orchid participants.,Not stated,Testnet participants need institutional custody and approval controls.,"Secondary source, dated. Very sophisticated buyer; unlikely to take uncleared software.",https://sg.rajahtannasia.com/viewpoints/mas-announces-initiatives-to-commercialise-and-scale-asset-tokenisation/,"none found (no email printed). Official 'Contact Us via Guided Form' and tel 6225 5577; sandbox options (Sandbox, Sandbox Express, Sandbox Plus) described on the sandbox page.",https://www.mas.gov.sg/contact-us ; https://www.mas.gov.sg/development/fintech/regulatory-sandbox,none published,"Leong Sing Chiong, Deputy Managing Director, Markets and Development (incl. FinTech & Innovation Group) (https://www.mas.gov.sg/who-we-are/management-team)
Loo Siew Yee, Assistant Managing Director, Policy, Payments and Financial Crime (https://www.mas.gov.sg/who-we-are/management-team)
Vincent Loy, Assistant Managing Director, Technology (https://www.mas.gov.sg/who-we-are/management-team)","Managing Director's office
Corporate Communications
FinTech & Innovation Group
MAS guided enquiry form","Inference: FinTech & Innovation Group runs the sandbox and tokenisation initiatives; a custody vendor should enter as a participant via the sandbox or industry consortium, not procurement.","1. Use the published page: https://www.mas.gov.sg/contact-us ; https://www.mas.gov.sg/development/fintech/regulatory-sandbox. 2. Then write to Leong Sing Chiong (Deputy Managing Director, Markets and Development (incl. FinTech & Innovation Group)). 3. If no reply, ask Managing Director's office to route it.",I noticed that Monetary Authority of Singapore: Nov 2024: SGD Testnet for wholesale CBDC settlement for Project Guardian and Orchid participants.,medium
62,Governments and public bodies,Global,Reserve Bank of India,India,C · Long shot or channel,Aug 2026 press reports of a tokenised-bond pilot using the wholesale digital rupee.,Not stated,Participants need wholesale CBDC and DLT securities wallets.,Secondary report; pilot not confirmed. Localisation rules favour domestic vendors.,https://www.unlock-bc.com/en/india-to-pilot-tokenized-bonds-with-digital-rupee,"none found for fintech/vendors (no email printed). RBI online Contact Us/Feedback form; fintech.rbi.org.in portal; RBI Innovation Hub (rbihub.in) for ecosystem engagement. Only printed email is helpdoc@rbi.org.in (website help desk, not a business route).",https://rbi.org.in/Scripts/ContactUs.aspx ; https://fintech.rbi.org.in/ ; https://rbihub.in/,helpdoc@rbi.org.in,"Sanjay Malhotra, Governor (26th Governor, since 11 Dec 2024) (https://rbi.org.in/Scripts/governors.aspx)","Governor's secretariat
Department of Communication
FinTech Department
RBIH (wholly owned subsidiary innovation hub)
Department of Payment and Settlement Systems",Inference: the FinTech Department and RBIH run the sandbox and pilots; vendors engage as a technology provider to participating banks or via RBIH/regulatory sandbox cohorts.,"1. Email helpdoc@rbi.org.in. 2. Then write to Sanjay Malhotra (Governor (26th Governor, since 11 Dec 2024)). 3. If no reply, ask Governor's secretariat to route it.",I noticed that Reserve Bank of India: Aug 2026 press reports of a tokenised-bond pilot using the wholesale digital rupee.,low
63,Governments and public bodies,Global,Swiss National Bank,Switzerland,C · Long shot or channel,Helvetia pilot issues wholesale CBDC on SIX Digital Exchange; reportedly extended to mid-2027.,SDX is platform operator,Permanent wholesale CBDC raises who controls infrastructure keys.,"Buyer may be SDX or participating banks, not the SNB. Extension seen as a headline only.",https://snb.ch/en/the-snb/mandates-goals/payment-transactions/general/helvetia-pilotbetrieb,"helvetia@snb.ch (printed on Helvetia pilot page, for declaring interest; requires SNB sight account, SIC admission and SDX membership). Communications: communications@snb.ch. Contacts page https://www.snb.ch/en/contact.",https://snb.ch/en/the-snb/mandates-goals/payment-transactions/general/helvetia-pilotbetrieb,"communications@snb.ch, helvetia@snb.ch","Petra Tschudin, Governing Board member; heads Department III (Banking Operations and IT, Asset Management) (https://www.snb.ch/en/the-snb/organisation/supervisory-management-boards)
Antoine Martin, Vice Chairman; heads Department II (Financial Stability, Operational Risk and Security) (https://www.snb.ch/en/the-snb/organisation/supervisory-management-boards)
Martin Schlegel, Chairman of the Governing Board (https://www.snb.ch/en/the-snb/organisation/supervisory-management-boards)","Communications
Secretariat General (Dept I)
Banking Operations","Inference: Banking Operations (Dept III) owns Helvetia; a vendor can only engage as a supplier to eligible participants (banks, SDX members), so route is the ecosystem channel, not SNB procurement.","1. Email communications@snb.ch. 2. Then write to Petra Tschudin (Governing Board member; heads Department III (Banking Operations and IT, Asset Management)). 3. If no reply, ask Communications to route it.",I noticed that Swiss National Bank: Helvetia pilot issues wholesale CBDC on SIX Digital Exchange; reportedly extended to mid-2027.,high
64,Governments and public bodies,Global,US federal government (Strategic Bitcoin Reserve),United States,C · Long shot or channel,"Executive order of 6 Mar 2025; as of Jul 2026 structuring ongoing, no unified custody structure.",None unified,Custody is described as unresolved.,Single press source. Federal certification needs make it a long shot.,https://tftc.io/white-house-strategic-bitcoin-reserve-structure-confirmed,none found for vendors. Executive order tasks the Secretary of the Treasury to establish offices administering the Reserve and Digital Asset Stockpile. Treasury main line (202) 622-2000; Procurement Executive and Press Room pages linked from the contact page without printed emails.,https://home.treasury.gov/utility/contact ; https://www.whitehouse.gov/presidential-actions/2025/03/establishment-of-the-strategic-bitcoin-reserve-and-united-states-digital-asset-stockpile/,none published,"Scott Bessent, Secretary of the Treasury (named on Treasury statement page) (https://home.treasury.gov/news/press-releases/sb0630)","Office of the Secretary / Executive Secretariat
Treasury Office of the Procurement Executive
Treasury Public Affairs
President's Working Group on Digital Asset Markets (receives agency accountings)",Inference: Treasury (with Bureau of the Fiscal Service-type operations) owns any custody tender; the only credible route is federal procurement (SAM.gov solicitation) after Treasury announces a requirement.,"1. Use the published page: https://home.treasury.gov/utility/contact ; https://www.whitehouse.gov/presidential-actions/2025/03/establishment-of-the-strategic-bitcoin-reserve-and-united-states-digital-asset-stockpile/. 2. Then write to Scott Bessent (Secretary of the Treasury (named on Treasury statement page)). 3. If no reply, ask Office of the Secretary / Executive Secretariat to route it.","I noticed that US federal government (Strategic Bitcoin Reserve): Executive order of 6 Mar 2025; as of Jul 2026 structuring ongoing, no unified custody structure.",low
65,Banks,Africa,Access Bank,Nigeria,A · Start here,Named as a partner in the cNGN naira stablecoin project.,None public,cNGN reserve and mint/burn operations are a plausible fit for policy-controlled keys in a bank-owned cloud.,VERIFY: partner list unconfirmed by the bank; check current cNGN status.,https://cointelegraph.com/news/nigerias-top-banks-collaborate-on-new-cngn-stablecoin,none found. No email printed. Official 'Partnerships & Digital Capabilities Sector' page (fintech/co-innovation) is the closest route; helplines 07003000000 / 0201 280 2500.,https://www.accessbankplc.com/corporate/corporate-sector/pdc,none published,"Iyabo Soji-Okusanya, Executive Director, Corporate and Investment Banking Division (https://www.accessbankplc.com/about-us/board-management-team)
Roosevelt Ogbonna, Managing Director/CEO (https://www.accessbankplc.com/about-us/board-management-team)",Company secretary / media office not located on fetched pages,Inference: Partnerships & Digital Capabilities Sector (fintech co-innovation) is the likely owner; use that sector's page/relationship channel for a custody/key-control pilot.,"1. Use the published page: https://www.accessbankplc.com/corporate/corporate-sector/pdc. 2. Then write to Iyabo Soji-Okusanya (Executive Director, Corporate and Investment Banking Division). 3. If no reply, ask Company secretary / media office not located on fetched pages to route it.",I noticed that Access Bank: Named as a partner in the cNGN naira stablecoin project.,low
66,Banks,Africa,Standard Bank Group,South Africa,A · Start here,"Joined a 21-institution group planning a USD stablecoin issuer (launch targeted H1 2027); preparing stablecoin payments for clients in 21 markets, subject to regulation.",None public,"Needs on- and off-ramp and custody plumbing across many markets, with in-house engineering.",Secondary reporting. The consortium issuer will carry its own infrastructure.,https://www.mariblock.com/stories/standard-bank-joins-21-bank-group-building-dollar-stablecoin,"none found. No partnerships/vendor email printed. Official routes: Press & media page, Investor relations contacts page, general tel +2711 636 1061 (emails are obfuscated behind 'Send me an email' links).",https://www.standardbank.com/sbg/standard-bank-group/contact-us,none published,"Luvuyo Masinda, Chief Executive Officer, Corporate and Investment Banking (https://www.standardbank.com/sbg/standard-bank-group/our-group/about-us/leadership)
Margaret Nienaber, Chief Operating Officer (https://www.standardbank.com/sbg/standard-bank-group/our-group/about-us/leadership)","Group Secretary (Kobus Froneman, named on IR contacts page)
Head of Investor Relations (Sarah Rivett-Carnac, named)
Media office: CIB media contact Kgomotso Moalusi (named at https://www.standardbank.com/sbg/standard-bank-group/contact-us/press-and-media)
Chief Strategy Officer office (Adam Ikdal, listed)",Inference: CIB (transactions/digital assets within the stablecoin consortium) would own a key-control pilot; approach via CIB leadership office or media/strategy office as no vendor-onboarding page is published.,"1. Use the published page: https://www.standardbank.com/sbg/standard-bank-group/contact-us. 2. Then write to Luvuyo Masinda (Chief Executive Officer, Corporate and Investment Banking). 3. If no reply, ask Group Secretary (Kobus Froneman, named on IR contacts page) to route it.","I noticed that Standard Bank Group: Joined a 21-institution group planning a USD stablecoin issuer (launch targeted H1 2027); preparing stablecoin payments for clients in 21 markets, subject to regulation.",medium
67,Banks,Global,Banca Sella,Italy,A · Start here,Ran an internal stablecoin custody pilot (2025); planned custody for selected clients by end-2026.,Fireblocks,Has just run a hosted-vendor pilot and is deciding on production; the pitch is the self-hosted alternative.,Pilot detail from an aggregator copy of a Bloomberg item.,https://www.banklesstimes.com/articles/2026/05/27/banca-sella-to-launch-italys-first-bank-backed-crypto-services/,"none found. Official press/media line only: 'Relazioni con i media - Sella' tel 015/35.01.030 (printed on a Gruppo Sella regulated release, no email). Sella's contact pages blocked automated fetch.",https://www.emarketstorage.it/sites/default/files/comunicati/2026-08/20260810_188196.pdf,none published,none found,"Media relations office (Relazioni con i media, tel 015/35.01.030)","Inference: the Digital Banking unit (Banca Sella crypto-asset services launch) would own a custody pilot; route via Gruppo Sella media/institutional channel as no vendor page found. Named executive (Andrea Tessera, MD Digital Banking) appeared only in third-party press, so not recorded as a leader.","1. Use the published page: https://www.emarketstorage.it/sites/default/files/comunicati/2026-08/20260810_188196.pdf. 2. Then find the relevant head via the organisation's own channel. 3. If no reply, ask Media relations office (Relazioni con i media, tel 015/35.01.030) to route it.",I noticed that Banca Sella: Ran an internal stablecoin custody pilot (2025); planned custody for selected clients by end-2026.,low
68,Banks,Global,Cross River Bank,United States,A · Start here,"Launched stablecoin payments on 24 Nov 2025, joining fiat and stablecoin flows for approved partners.",None named,Bank-as-a-service platform where partner stablecoin balances may need segregated custody.,Release does not name custody technology.,https://www.crossriver.com/newsroom/cross-river-launches-stablecoin-payments-with-infrastructure-to-power-the-future-of-onchain-finance,none found. Official 'Contact Sales' page (no email printed); Support page; Sandbox access request form for API/platform partners.,https://www.crossriver.com/contact-sales,none published,"Luca Cosentino, Head of Crypto (https://www.crossriver.com/newsroom/cross-river-launches-stablecoin-payments-with-infrastructure-to-power-the-future-of-onchain-finance)
Gilles Gade, Founder, President and CEO (https://www.crossriver.com/newsroom/cross-river-launches-stablecoin-payments-with-infrastructure-to-power-the-future-of-onchain-finance)",Newsroom / communications office (no contact printed),Inference: the Crypto unit under Luca Cosentino owns stablecoin infrastructure and any key-control pilot; Contact Sales / sandbox form is the intake.,"1. Use the published page: https://www.crossriver.com/contact-sales. 2. Then write to Luca Cosentino (Head of Crypto). 3. If no reply, ask Newsroom / communications office (no contact printed) to route it.","I noticed that Cross River Bank: Launched stablecoin payments on 24 Nov 2025, joining fiat and stablecoin flows for approved partners.",medium
69,Banks,Global,First Abu Dhabi Bank,United Arab Emirates,A · Start here,"28 Apr 2025: announced, with IHC and ADQ, a dirham-backed stablecoin issued by FAB under CBUAE regulation.",None public,A bank issuer needs reserve and mint/burn key control inside its own estate.,VERIFY: 2025 plan; launch status unconfirmed.,https://www.adq.ae/newsroom/ihc-adq-and-fab-pioneer-uae-dirham-backed-stablecoin-for-the-digital-economy/,none found. FAB contact page lists PR and Media and Investor Relations categories but no emails or partnership/vendor route.,https://www.bankfab.com/en-ae/contact-us,none published,"Divyesh Vithlani, Group Chief Technology & Transformation Officer (https://www.bankfab.com/en-ae/about-fab/group/senior-management)","PR and Media office
Investor Relations
Group CEO office (Hana Al Rostamani is Group CEO per the ADQ release; office not published)",Inference: Group Technology & Transformation (or the digital-assets/stablecoin team behind the dirham stablecoin) would own a pilot; approach through institutional/digital-assets team via IR/PR gatekeepers as no vendor page found.,"1. Use the published page: https://www.bankfab.com/en-ae/contact-us. 2. Then write to Divyesh Vithlani (Group Chief Technology & Transformation Officer). 3. If no reply, ask PR and Media office to route it.","I noticed that First Abu Dhabi Bank: 28 Apr 2025: announced, with IHC and ADQ, a dirham-backed stablecoin issued by FAB under CBUAE regulation.",low
70,Banks,Africa,Absa Group,South Africa,B · Plausible,"Launched digital-asset custody for institutional clients on 2 Oct 2026 (BTC, XRP, ETH, USDC); expansion to other segments and African markets planned.",Ripple Custody,"Closest African match, but already has a vendor, so the pitch is second-source or other markets such as Kenya.",Regulator approval link was paywalled.,https://engineeringnews.co.za/article/absa-becomes-first-african-bank-to-offer-digital-asset-custody-2026-10-02,Digital Asset Custody page and CIB Contact Us; Absa CIB article prints [named individual address omitted] (Head of Digital Product: Custody) and general enquiries Rsc.corpprc@absa.co.za; Group Media Desk prmedia@absa.africa.,https://cib.absa.africa/home/insights-and-events/absa-bank-partners-with-ripple-to-expand-digital-asset-custody-offering-in-south-africa/,"Rsc.corpprc@absa.co.za, prmedia@absa.africa","Robyn Lawson, Head of Digital Product: Custody, Absa CIB (https://cib.absa.africa/home/insights-and-events/the-gold-standard-in-digital-asset-custody/)
Johnson Idesoh, Group Chief Information and Technology Officer (https://www.absa.africa/about-us/board-and-management/)
Zaid Moola, Chief Executive: Corporate and Investment Banking (https://www.absa.africa/about-us/board-and-management/)","Absa Group Media Desk (prmedia@absa.africa, https://www.absa.africa/contact-mediacentre/)
CIB corporate enquiries desk (Rsc.corpprc@absa.co.za)","Inference: Absa CIB digital-asset custody team (already on Ripple Custody) owns it; best route is the Head of Digital Product: Custody via the published CIB channel, positioning as a complementary/self-hosted key-control or second-vendor layer.","1. Email Rsc.corpprc@absa.co.za. 2. Then write to Robyn Lawson (Head of Digital Product: Custody, Absa CIB). 3. If no reply, ask Absa Group Media Desk (prmedia@absa.africa, https://www.absa.africa/contact-mediacentre/) to route it.","I noticed that Absa Group: Launched digital-asset custody for institutional clients on 2 Oct 2026 (BTC, XRP, ETH, USDC); expansion to other segments and African markets planned.",high
71,Banks,Africa,First Bank of Nigeria,Nigeria,B · Plausible,Named as a cNGN consortium partner.,None public,"Same logic as Access Bank, with a large domestic balance sheet.",VERIFY: participation unconfirmed.,https://cointelegraph.com/news/nigerias-top-banks-collaborate-on-new-cngn-stablecoin,"none found. Contact page lists head office address and help-centre form only (Samuel Asabia House, 35 Marina, Lagos).",https://www.firstbanknigeria.com/contact-us/,none published,"Rachel Aduke Adeshina, Chief Information Officer (Deputy General Manager) (https://www.firstbanknigeria.com/home/about/leadership/)
Mobolade Aidoje Ojeahere, Group Head, Transaction Banking (https://www.firstbanknigeria.com/home/about/leadership/)
Abednego Ofor Kansi Ugwueke, Head, Digital Channels (https://www.firstbanknigeria.com/home/about/leadership/)","Head, Strategy and Corporate Development (Chike Fidelis Uzoma, listed)
Company secretary not listed",Inference: Transaction Banking plus IT (CIO) would sponsor a pilot; Strategy & Corporate Development is a plausible intro route.,"1. Use the published page: https://www.firstbanknigeria.com/contact-us/. 2. Then write to Abednego Ofor Kansi Ugwueke (Head, Digital Channels). 3. If no reply, ask Head, Strategy and Corporate Development (Chike Fidelis Uzoma, listed) to route it.",I noticed that First Bank of Nigeria: Named as a cNGN consortium partner.,medium
72,Banks,Africa,Nedbank,South Africa,B · Plausible,5 Mar 2026: partnership with Crypto.com for real-time ZAR to USDC conversion and USD liquidity.,Crypto.com platform,USDC settlement flows create a need to hold stablecoin balances without relying on a hosted partner.,No custody or tokenisation programme stated.,https://group.nedbank.co.za/news-and-insights/press/2026/nedbank-partners-with-crypto-com-to-drive-blockchain-based-innovation-across-africa.html,none found. Press release prints no emails; press room and 'Contact us' under News & Insights are official routes.,https://group.nedbank.co.za/news-and-insights/press/2026/nedbank-partners-with-crypto-com-to-drive-blockchain-based-innovation-across-africa.html,none published,"Simon Marland, Managing Executive for Automation, Blockchain and Analytics (https://group.nedbank.co.za/news-and-insights/press/2026/nedbank-partners-with-crypto-com-to-drive-blockchain-based-innovation-across-africa.html)
Nikos Angelopoulos, Chief Information Officer (https://group.nedbank.co.za/home/leadership.html)
Mfundo Nkuhlu, Chief Operating Officer (https://group.nedbank.co.za/home/leadership.html)","Group Marketing and Corporate Affairs Executive (Kensi Nobanda, listed)
Press room","Inference: Automation, Blockchain and Analytics unit (Simon Marland) owns blockchain pilots; approach it directly via innovation channel or CIO office.","1. Use the published page: https://group.nedbank.co.za/news-and-insights/press/2026/nedbank-partners-with-crypto-com-to-drive-blockchain-based-innovation-across-africa.html. 2. Then write to Simon Marland (Managing Executive for Automation, Blockchain and Analytics). 3. If no reply, ask Group Marketing and Corporate Affairs Executive (Kensi Nobanda, listed) to route it.",I noticed that Nedbank: 5 Mar 2026: partnership with Crypto.com for real-time ZAR to USDC conversion and USD liquidity.,medium
73,Banks,Africa,Sterling Bank,Nigeria,B · Plausible,Named as a cNGN consortium partner.,None public,A mid-size bank with a faster procurement cycle than the tier-1 banks.,VERIFY: participation unconfirmed.,https://cointelegraph.com/news/nigerias-top-banks-collaborate-on-new-cngn-stablecoin,none found for partnerships. Contact page prints a customer-care email (decoded from the page's protected link): customercare@sterlingbank.com; no partnership/vendor page. Also lists OmniX etc. product sites.,https://sterling.ng/contact-us/,customercare@sterlingbank.com,"Abubakar Suleiman, Managing Director/CEO (https://sterling.ng/about/executive-management/)
Temitayo Adegoke, Chief Operating Officer (https://sterling.ng/about/executive-management/)","Investor Relations menu (no named contact)
Company secretary / media office not listed",Inference: COO / technology function owns infra pilots; fall back on CEO office as no innovation team published.,"1. Email customercare@sterlingbank.com. 2. Then write to Abubakar Suleiman (Managing Director/CEO). 3. If no reply, ask Investor Relations menu (no named contact) to route it.",I noticed that Sterling Bank: Named as a cNGN consortium partner.,low
74,Banks,Global,AMINA Bank,Switzerland,B · Plausible,2 Dec 2025: added Paxos USDG to custody and trading; segregated wallets held off balance sheet.,Not named,A stablecoin-heavy custody book needing reconciliation and policy controls.,Custody technology not described.,https://uk.aminagroup.com/press/amina-bank-integrates-paxos-usdg-stablecoin-joins-global-dollar-network-alongside-leading-financial-institutions/,"none found as plain email (addresses are obfuscated). Official contact form, 'Crypto as a Service' institutional page and Press hub.",https://uk.aminagroup.com/contact/,none published,"Myles Harrison, Chief Product Officer (https://uk.aminagroup.com/press/amina-bank-integrates-paxos-usdg-stablecoin-joins-global-dollar-network-alongside-leading-financial-institutions/)",Press hub https://uk.aminagroup.com/press/,Inference: Crypto-as-a-Service / product team (CPO) owns custody tech choices; approach via the Institutions route.,"1. Use the published page: https://uk.aminagroup.com/contact/. 2. Then write to Myles Harrison (Chief Product Officer). 3. If no reply, ask Press hub https://uk.aminagroup.com/press/ to route it.",I noticed that AMINA Bank: 2 Dec 2025: added Paxos USDG to custody and trading; segregated wallets held off balance sheet.,medium
75,Banks,Global,Bank Frick,Liechtenstein,B · Plausible,Offers crypto trading and custody; added USDC for token-based USD payments.,Not named,"Small crypto-friendly bank with a lean team, where a pilot is easy to run.",VERIFY: page undated; USDC addition believed c. 2020-21.,https://www.liechtenstein-business.li/en/businesshub-liechtenstein/liechtenstein_business_news/bank-frick-ermoglicht-erstmals-handel-mit-stablecoin,Printed general email bank@bankfrick.li; media: communication@bankfrick.li (printed as 'communication [at] bankfrick.li') and Contact page; no partnership page.,https://www.bankfrick.li/en/contact,"bank@bankfrick.li, communication@bankfrick.li","Stefan Rauti, Head of Blockchain Banking (per May 2020 release, currency unverified) (https://www.bankfrick.li/en/news-and-insights/bank-frick-adds-first-stablecoin-its-range-tradable-and-custodial-crypto-assets-usdc)","Head of Corporate Communication (Samuel Rosenast, tel +423 388 21 49)
Media page https://www.bankfrick.li/en/about-bank-frick/media",Inference: Blockchain Banking unit owns custody; reach via general bank email or corporate communication as introducer.,"1. Email bank@bankfrick.li. 2. Then write to Stefan Rauti (Head of Blockchain Banking (per May 2020 release, currency unverified)). 3. If no reply, ask Head of Corporate Communication (Samuel Rosenast, tel +423 388 21 49) to route it.",I noticed that Bank Frick: Offers crypto trading and custody; added USDC for token-based USD payments.,medium
76,Banks,Global,Kasikornbank (KBank),Thailand,B · Plausible,"Unita Capital arm owns orbix Custodian, holder of Thailand first Digital Asset Custodian licence.",Not stated,Custody is already a group business line; a self-hosted stack could be a benchmark or second source.,Article undated; custody unit is a subsidiary.,https://www.tradingview.com/news/cointelegraph:69f0cc892094b:0-kasikornbank-launches-first-licensed-thai-digital-asset-custodian/,none found. KBank news pages print no emails; business line 02-8888822. Custody sits in orbix CUSTODIAN (Unita Capital subsidiary).,https://www.kasikornbank.com/en/news/pages/launch-of-orbix-custodian.aspx,none published,"Pipit Aneaknithi, President, KBank (per Sept 2024 release; currency unverified) (https://www.kasikornbank.com/en/news/pages/launch-of-orbix-custodian.aspx)","Investor relations (page not retrievable)
Corporate communications","Inference: orbix CUSTODIAN / KBTG digital-asset subsidiaries own it, not the bank proper; target orbix custodian team, introduction via KBank group innovation.","1. Use the published page: https://www.kasikornbank.com/en/news/pages/launch-of-orbix-custodian.aspx. 2. Then write to Pipit Aneaknithi (President, KBank (per Sept 2024 release; currency unverified)). 3. If no reply, ask Investor relations (page not retrievable) to route it.","I noticed that Kasikornbank (KBank): Unita Capital arm owns orbix Custodian, holder of Thailand first Digital Asset Custodian licence.",low
77,Banks,Global,SG-FORGE (Societe Generale),France,B · Plausible,Issues EURCV and USDCV stablecoins under MiCA; CASP authorisation (Oct 2025).,BNY (USDCV reserves); Ripple Custody on XRPL,Own engineering and multiple chains; self-hosted key control for chains with no custody partner.,Licensing details from a secondary wiki.,https://www.sgforge.com/usd-stablecoin-bny-custodian/,"Contact form with 'I need more information about your services', 'Press contact' and 'Other' options (no email). Press releases print SG-FORGE agency email [named individual address omitted] and SocGen press: [named individual address omitted], [named individual address omitted].",https://www.sgforge.com/contact/,none published,"Jean-Marc Stenger, Chief Executive Officer, SG-FORGE (https://www.sgforge.com/usd-stablecoin-bny-custodian/)","Press: Ballou Agency (sg-forge@balloupr.com)
Societe Generale press office (Amandine Grison, Sarah Cohen Lippe, emails printed on release)",Inference: SG-FORGE business/product team (already using BNY and Ripple Custody) would own it; use the website contact form or CEO office; media emails are for press only.,"1. Use the published page: https://www.sgforge.com/contact/. 2. Then write to Jean-Marc Stenger (Chief Executive Officer, SG-FORGE). 3. If no reply, ask Press: Ballou Agency (sg-forge@balloupr.com) to route it.",I noticed that SG-FORGE (Societe Generale): Issues EURCV and USDCV stablecoins under MiCA; CASP authorisation (Oct 2025).,medium
78,Banks,Global,SoFi Bank,United States,B · Plausible,"Reported announcement of SoFiUSD, a bank-issued stablecoin (27 May 2026) on Ethereum and Solana.",None named,A national-bank issuer with its own engineering team.,VERIFY: source found no primary announcement; confirm with SoFi investor relations.,https://wiki.private.law/en/sofi,none found. No partnerships email printed; investors.sofi.com and press pages are official routes.,https://www.sofi.com/press/archive,none published,"Flori Gilroy, SVP, Business Unit Leader for Crypto (https://www.sofi.com/our-leadership/)
Jeremy Rishel, Chief Technology Officer (https://www.sofi.com/our-leadership/)","General Counsel office (Rob Lavet, listed)
Investor relations (investors.sofi.com)","Inference: Crypto business unit with Technology (CTO) would own it; SoFi Technologies infrastructure for banks/fintechs (Big Business Banking, stablecoin) also relevant.","1. Use the published page: https://www.sofi.com/press/archive. 2. Then write to Flori Gilroy (SVP, Business Unit Leader for Crypto). 3. If no reply, ask General Counsel office (Rob Lavet, listed) to route it.","I noticed that SoFi Bank: Reported announcement of SoFiUSD, a bank-issued stablecoin (27 May 2026) on Ethereum and Solana.",medium
79,Banks,Global,Sygnum Bank,Switzerland,B · Plausible,"8 Aug 2025: launched custody and trading for SUI for institutions, held off balance sheet.",Not named,Asset-by-asset rollout suits self-hosted threshold MPC where vendor coverage lags.,"Mature custodian, likely has a hot path; pitch a secondary stack.",https://finance.yahoo.com/news/swiss-bank-sygnum-launches-regulated-180633285.html,none found. Contact page offers a form (Book a Demo / become a client); general +41 58 508 2000; footer email obfuscated.,https://www.sygnum.com/contact/,none published,"Reto Marx, Chief Executive Officer (appointed 3 Aug 2026 release) (https://www.sygnum.com/news/)
Gerald Goh, Executive Chairman (https://www.sygnum.com/news/)","Corporate communications via news page (no contact printed)
Board/Chairwoman office (Gabriela Maria Payer, Chairwoman)",Inference: Sygnum is itself a regulated custodian; most plausible as a partner/white-label or key-control tooling customer; use the 'Book a Demo' institutional form via its B2B team.,"1. Use the published page: https://www.sygnum.com/contact/. 2. Then write to Reto Marx (Chief Executive Officer (appointed 3 Aug 2026 release)). 3. If no reply, ask Corporate communications via news page (no contact printed) to route it.","I noticed that Sygnum Bank: 8 Aug 2025: launched custody and trading for SUI for institutions, held off balance sheet.",low
80,Banks,Africa,Attijariwafa bank,Morocco,C · Long shot or channel,Joined RippleNet in Jan 2022 for cross-border payments.,Ripple (payments),Weak: payments link only; Morocco regime still forming.,No custody or stablecoin work found.,https://www.unlock-bc.com/en/moroccan-bank-joins-blockchain-ripplenet,none found as readable email. IR Contact page names an IR head; email obfuscated.,https://ir.attijariwafabank.com/shareholder-services/contact-ir,none published,none found,"Head of Investor Relations (Talal Ouazzani Chahdi, Chief Sustainability Officer, Head of IR; email protected)",Inference: Group digital / market-finance units own it; IR head is the only published gatekeeper.,"1. Use the published page: https://ir.attijariwafabank.com/shareholder-services/contact-ir. 2. Then find the relevant head via the organisation's own channel. 3. If no reply, ask Head of Investor Relations (Talal Ouazzani Chahdi, Chief Sustainability Officer, Head of IR; email protected) to route it.",I noticed that Attijariwafa bank: Joined RippleNet in Jan 2022 for cross-border payments.,low
81,Banks,Africa,Commercial International Bank (CIB),Egypt,C · Long shot or channel,Feb 2024: reported to be integrating Ripple technology into cross-border payments.,Ripple (payments),Speculative; relevant only if CIB moves into holding digital assets.,No custody activity found.,http://thefounder.africa/cib-partners-with-ripple-a-new-era-for-egyptian-cross-border-payments/,none found. Contact and IR pages blocked to automated fetch; Executive Management page lists leadership.,https://www.cibeg.com/en/about-us/executive-management,none published,none found,Investor Relations (ir.cibeg.com),Inference: Treasury/transaction banking or digital team with Ripple payments history would own it; no official route retrieved.,"1. Use the published page: https://www.cibeg.com/en/about-us/executive-management. 2. Then find the relevant head via the organisation's own channel. 3. If no reply, ask Investor Relations (ir.cibeg.com) to route it.",I noticed that Commercial International Bank (CIB): Feb 2024: reported to be integrating Ripple technology into cross-border payments.,low
82,Banks,Africa,Discovery Bank,South Africa,C · Long shot or channel,Luno crypto trading in its app from Dec 2025.,Luno,Weak: custody need only follows a later in-house move.,App integration only.,https://ffnews.com/newsarticle/fintech/discovery-bank-announces-crypto-trading-with-luno-new-ai-security-motor-insurance-and-new-rewards-partners,none found. Contact pages print only phone lines (0860 99 88 77) and unrelated Discovery emails; no partnerships route.,https://www.discovery.co.za/bank/news-archive,none published,none found,Media/corporate affairs not published on fetched pages,"Inference: crypto is delivered through Luno inside the app, so custody ownership sits with the partner; low likelihood of a bank-side self-hosted pilot.","1. Use the published page: https://www.discovery.co.za/bank/news-archive. 2. Then find the relevant head via the organisation's own channel. 3. If no reply, ask Media/corporate affairs not published on fetched pages to route it.",I noticed that Discovery Bank: Luno crypto trading in its app from Dec 2025.,low
83,Banks,Africa,FirstRand / FNB,South Africa,C · Long shot or channel,"6 Oct 2026: added crypto trading (BTC, ETH, XRP, SOL, USDT) to share-trading products via VALR.",VALR; custodian unnamed,A retail-scale exchange-partner launch could later bring custody in-house.,"Distribution partnership, not a custody build.",https://www.itweb.co.za/article/fnb-brings-crypto-trading-to-banking-platform/KWEBbvyLeNeqmRjO,Press office email printed: fnbmedia@fnb.co.za (media only). No partnership/vendor page found; FNB site contact pages blocked.,https://www.online.fnb.co.za/press-office/index.html,fnbmedia@fnb.co.za,"Kevin Andrew Mitchell, Chief Digital Officer (https://www.firstrand.co.za/the-group/management-and-board/)
Harry Kellan, FNB Chief Executive (https://www.firstrand.co.za/the-group/management-and-board/)","FNB press office (fnbmedia@fnb.co.za)
Governance, Ethics and Legal head (Carnita Low, listed)",Inference: FNB digital/innovation leadership owns crypto and tokenisation (BusinessDay reports tokenisation interest); introduce via Chief Digital Officer's office.,"1. Email fnbmedia@fnb.co.za. 2. Then write to Kevin Andrew Mitchell (Chief Digital Officer). 3. If no reply, ask FNB press office (fnbmedia@fnb.co.za) to route it.","I noticed that FirstRand / FNB: 6 Oct 2026: added crypto trading (BTC, ETH, XRP, SOL, USDT) to share-trading products via VALR.",medium
84,Banks,Africa,Investec,South Africa,C · Long shot or channel,Mar 2020: reported testing a digital-assets wallet for wealth clients.,Not named,A history of in-house blockchain engineering.,VERIFY: six years old; check current activity.,https://www.itweb.co.za/article/exclusive-investec-mulls-digital-assets-wallet/WnpNgM2KYApqVrGd,none found. Contact page prints no partnership email; Digital Asset Vault has a register-interest form; press page has a PR team email link (obfuscated).,https://www.investec.com/en_za/high-touch-high-tech/investec-digital-asset-vault.html,none published,"Lyndon Subroyen, Global head of Investec Digital (bio page; date unverified) (https://www.investec.com/en_za/welcome-to-investec/contact-us/our-offices/johannesburg-office/lyndon-subroyen-bio.html)","PR team (press page)
Investor relations page","Inference: Investec Digital (fintech partnerships, digital asset vault in IFWG sandbox) owns it; best route is the digital team via sandbox/vault channel.","1. Use the published page: https://www.investec.com/en_za/high-touch-high-tech/investec-digital-asset-vault.html. 2. Then write to Lyndon Subroyen (Global head of Investec Digital (bio page; date unverified)). 3. If no reply, ask PR team (press page) to route it.",I noticed that Investec: Mar 2020: reported testing a digital-assets wallet for wealth clients.,medium
85,Banks,Global,BBVA,Spain,C · Long shot or channel,CNMV approved BTC and ETH trading (10 Mar 2025); also a member of the 21-bank USD stablecoin group.,Own in-house custody platform,In-house custody makes this a build-versus-buy conversation.,A giant.,https://thepaypers.com/crypto-web3-and-cbdc/news/bbva-gains-approval-for-crypto-trading-in-spain,none found for partnerships. Press contact form only; office-level emails printed e.g. corporate.be@bbva.com (Belgium Corporate & Institutional) - not a digital-assets route.,https://www.bbva.com/en/press-contact/,corporate.be@bbva.com,"Alicia Pertusa, Head of Partnerships, Innovation & Digital Assets, BBVA CIB (Feb 2025; Dec 2025 article shows title 'Head of Innovation and Product Acceleration') (https://www.bbva.com/en/innovation/bbva-drives-innovation-in-its-wholesale-banking-by-integrating-the-corporate-financing-unit-for-disruptive-companies-and-the-digital-assets-blockchain-strategy/)
Roberto Albaladejo, Global Head of Strategy, Industries & Cross-Border (oversees BBVA Spark and Digital Assets) (https://www.bbva.com/en/innovation/bbva-drives-innovation-in-its-wholesale-banking-by-integrating-the-corporate-financing-unit-for-disruptive-companies-and-the-digital-assets-blockchain-strategy/)
Samuel Martinez, Senior Manager of Digital Assets (https://www.bbva.com/en/innovation/tokenisation-regulation-and-partnerships-the-new-roadmap-for-scaling-up-in-the-crypto-industry/)",Press office contact form,"Inference: BBVA CIB Partnerships, Innovation & Digital Assets owns it (in-house custody, so a self-hosted pilot is a second-source or tooling play).","1. Email corporate.be@bbva.com. 2. Then write to Alicia Pertusa (Head of Partnerships, Innovation & Digital Assets, BBVA CIB (Feb 2025; Dec 2025 article shows title 'Head of Innovation and Product Acceleration')). 3. If no reply, ask Press office contact form to route it.",I noticed that BBVA: CNMV approved BTC and ETH trading (10 Mar 2025); also a member of the 21-bank USD stablecoin group.,medium
86,Banks,Global,DBS Bank,Singapore,C · Long shot or channel,Runs DBS Token Services and DBS Digital Exchange with bank-grade custody.,None public,"Engineering-led, but likely to build in-house.",A giant; long shot.,https://www.dbs.com/blockchain/how-dbs-is-shaping-a-trusted-digital-asset-ecosystem.html,"none found as a partnership email. Official DBS Token Services and DBS Digital Exchange pages; media-contacts page prints [named individual address omitted] (Tania Tan, Transaction Banking/Institutional Banking media) and [named individual address omitted] (Corporate Matters).",https://www.dbs.com/media/media-contacts.page,none published,"Eugene Huang, Chief Information Officer (https://www.dbs.com/Bod/gmc-eugene-huang)","Media contact for Transaction Banking/Institutional (Tania Tan)
Corporate matters media (Edna Koh, ednakoh@dbs.com)",Inference: DBS Digital Exchange / Token Services team owns it; CIO office oversees technology.,"1. Use the published page: https://www.dbs.com/media/media-contacts.page. 2. Then write to Eugene Huang (Chief Information Officer). 3. If no reply, ask Media contact for Transaction Banking/Institutional (Tania Tan) to route it.",I noticed that DBS Bank: Runs DBS Token Services and DBS Digital Exchange with bank-grade custody.,medium
87,Banks,Global,Deutsche Bank,Germany,C · Long shot or channel,Reportedly aimed to offer crypto custody in 2026.,Bitpanda Technology Solutions and Taurus (reported),Weak: vendors reportedly chosen.,Unnamed-source report (1 Jul 2025).,https://regional-front.cointelegraph.com/news/deutsche-bank-crypto-custody-accounts-2026,none found for partnerships. Media Relations contact printed: [named individual address omitted] on custody release (press only).,https://www.db.com/news/detail/20260916-deutsche-bank-to-launch-digital-asset-custody-solution-for-institutional-and-corporate-clients,none published,"Gerald Podobnik, Co-Head Corporate Bank (https://www.db.com/news/detail/20260916-deutsche-bank-to-launch-digital-asset-custody-solution-for-institutional-and-corporate-clients)",Deutsche Bank AG Media Relations (Heinrich Frömsdorf),"Inference: Corporate Bank (Trust & Securities Services) owns the custody launch; external providers already used, so enter as component/key-management vendor via TSS digital assets team.","1. Use the published page: https://www.db.com/news/detail/20260916-deutsche-bank-to-launch-digital-asset-custody-solution-for-institutional-and-corporate-clients. 2. Then write to Gerald Podobnik (Co-Head Corporate Bank). 3. If no reply, ask Deutsche Bank AG Media Relations (Heinrich Frömsdorf) to route it.",I noticed that Deutsche Bank: Reportedly aimed to offer crypto custody in 2026.,medium
88,Banks,Global,Emirates NBD,United Arab Emirates,C · Long shot or channel,Equity investment in Zodia Custody (12 Dec 2024).,Zodia Custody (investee),Weak: holds a stake in a competing custodian.,No first-party product launch found.,https://www.mediaoffice.ae/en/news/2024/december/12-12/emirates-nbd-powers-digital-asset-custody-in-the-uae,none found. Contact page prints only a protected general email and Call Center 600 54 0000.,https://www.emiratesnbd.com/en/contact-us,none published,none found,Corporate governance management team page lists Group executives (names not retrievable),"Inference: Group Strategy/Innovation or digital-assets desk owns it; Zodia Custody is the investee, so approach is complementary.","1. Use the published page: https://www.emiratesnbd.com/en/contact-us. 2. Then find the relevant head via the organisation's own channel. 3. If no reply, ask Corporate governance management team page lists Group executives (names not retrievable) to route it.",I noticed that Emirates NBD: Equity investment in Zodia Custody (12 Dec 2024).,low
89,Banks,Global,KBC Group,Belgium,C · Long shot or channel,11 Mar 2026: selected Taurus as custody partner for its regulated crypto offering.,Taurus,Weak: vendor just chosen; a lead only if the pilot stalls.,VERIFY: tag-page excerpt only.,https://www.crowdfundinsider.com/tag/kbc/,"KBC Press Office pressofficekbc@kbc.be (press only). No partnerships route. Note: release names Crypto Finance as trading partner; no custody partner named, so 'Taurus' in data.py is not confirmed by this release.",https://newsroom.kbc.com/kbc-bank-launches-regulated-crypto-services-with-crypto-finance-as-partner,pressofficekbc@kbc.be,"Erik Luts, Chief Innovation Officer, KBC Group (https://newsroom.kbc.com/kbc-bank-launches-regulated-crypto-services-with-crypto-finance-as-partner)",KBC Press Office (pressofficekbc@kbc.be),Inference: Group Innovation (Erik Luts) with Bolero owns the crypto offering; introduce via innovation office.,"1. Email pressofficekbc@kbc.be. 2. Then write to Erik Luts (Chief Innovation Officer, KBC Group). 3. If no reply, ask KBC Press Office (pressofficekbc@kbc.be) to route it.",I noticed that KBC Group: 11 Mar 2026: selected Taurus as custody partner for its regulated crypto offering.,medium
90,Banks,Global,Standard Chartered,UK / Hong Kong / UAE,C · Long shot or channel,Custody for BTC and ETH in Hong Kong planned Jan 2026; earlier UAE custody.,Zodia Custody (majority-owned),"Captive vendor, so unlikely; useful as a benchmark.",Zodia integration is a Bloomberg report via The Block.,https://www.ledgerinsights.com/standard-chartered-to-launch-hong-kong-crypto-custody-in-january-2026/,Standard Chartered Supplier page and Straight2Bank onboarding portal; media: [named individual address omitted] and [named individual address omitted] printed on release. No partnership email.,https://www.sc.com/en/suppliers/,none published,"Jennifer Lassiter, Head of Digital Assets, Europe and Americas (May 2025 release) (https://www.sc.com/en/press-release/standard-chartered-has-appointed-jennifer-lassiter-as-head-of-digital-assets-for-europe-and-americas/)
Rene Michau, Global Head of Digital Assets (named in same release) (https://www.sc.com/en/press-release/standard-chartered-has-appointed-jennifer-lassiter-as-head-of-digital-assets-for-europe-and-americas/)","Media contacts page https://www.sc.com/en/media/media-contacts/
Head of Communications, Markets and Transaction Banking (Rami Lawand, email printed on release)",Inference: Digital Assets unit owns custody (via majority-owned Zodia); supplier onboarding is the formal path.,"1. Use the published page: https://www.sc.com/en/suppliers/. 2. Then write to Jennifer Lassiter (Head of Digital Assets, Europe and Americas (May 2025 release)). 3. If no reply, ask Media contacts page https://www.sc.com/en/media/media-contacts/ to route it.",I noticed that Standard Chartered: Custody for BTC and ETH in Hong Kong planned Jan 2026; earlier UAE custody.,medium
91,Fintechs,Africa,Busha,Nigeria,A · Start here,Provisional SEC Nigeria Digital Assets Exchange licence (Sep 2024); listed cNGN and runs its own cNGN liquidity pool with mint and burn.,Not stated,Mint/burn and liquidity operations are the kind that need approval workflows.,Licence is provisional.,https://techcabal.com/2025/02/08/cngn-goes-lives/,"none found (no email or partnerships page retrievable); site advertises sales contact requests, partnership call booking for banks and fintechs and corporate treasury demos on busha.io/business, but no URL or email was exposed in the fetched content. Official site: https://busha.io",https://busha.io/business,none published,"Michael Adeyeri, CEO and co-founder (https://busha.io/about)
Moyosore Sodipo, COO and co-founder (https://busha.io/about)","Sales / partnership call booking on the Busha business page
COO office","Inference: the COO or head of treasury running the cNGN mint/burn operations would own a pilot; best route is the business-page partnership call booking, then a request to meet the COO.","1. Use the published page: https://busha.io/business. 2. Then write to Michael Adeyeri (CEO and co-founder). 3. If no reply, ask Sales / partnership call booking on the Busha business page to route it.",I noticed that Busha: Provisional SEC Nigeria Digital Assets Exchange licence (Sep 2024); listed cNGN and runs its own cNGN liquidity pool with mint and burn.,low
92,Fintechs,Africa,OVEX,South Africa / offshore,A · Start here,2025: USD-to-USDC conversion at a 5 bps fee; stablecoin settlement across 8 African currencies for fintechs and remittance firms.,Not described,Business-focused stablecoin flow with an engineering team.,Company blog; self-reported.,https://blog.ovex.com/ovex-year-in-review-2025-and-the-road-ahead-in-2026/,"none found (no email printed); official routes are the 'Talk to sales', 'Talk to a ramps specialist' and 'Speak to an Expert' actions on the Enterprise Solutions page and the OTC access request form; API docs at docs.ovex.io",https://ovex.com/institutions,none published,none found,"Ramps specialist / sales (Enterprise Solutions)
OTC desk
Dedicated success manager (role named on site)","Inference: engineering and the institutions/ramps team would own it; best route is the Enterprise Solutions 'Talk to sales' action, asking for a technical call with the ramps specialist.","1. Use the published page: https://ovex.com/institutions. 2. Then find the relevant head via the organisation's own channel. 3. If no reply, ask Ramps specialist / sales (Enterprise Solutions) to route it.",I noticed that OVEX: 2025: USD-to-USDC conversion at a 5 bps fee; stablecoin settlement across 8 African currencies for fintechs and remittance firms.,low
93,Fintechs,Africa,Ozow,South Africa,A · Start here,2 Feb 2026: added crypto payments via MoneyBadger; merchants settle in rand; interim CEO called it the start of its digital-assets journey.,No custody details,An early-stage digital-assets team could start with a testnet pilot.,Pass-through product; holds no crypto today.,https://businessreport.co.za/companies/2026-02-02-ozow-integrates-cryptocurrency-payments-to-enhance-merchant-solutions/,sales@ozow.com (printed on official contact page); info@ozow.com general; contact form at the URL below. Page says marketing partnership pitches are welcome; no separate partnership form,https://ozow.com/contact,"info@ozow.com, sales@ozow.com",none found,"Sales team (sales@ozow.com)
Client support / onboarding queue","Inference: interim leadership and a small tech team (stack published at ozow.com/tech-stack) would own any digital-assets pilot; best route is sales@ozow.com with a short testnet-pilot note, asking to be routed to the engineering lead for digital assets.","1. Email info@ozow.com. 2. Then find the relevant head via the organisation's own channel. 3. If no reply, ask Sales team (sales@ozow.com) to route it.",I noticed that Ozow: 2 Feb 2026: added crypto payments via MoneyBadger; merchants settle in rand; interim CEO called it the start of its digital-assets journey.,low
94,Fintechs,Africa,Peach Payments,South Africa,A · Start here,"First crypto partnership with MoneyBadger, letting merchants accept Bitcoin and other crypto.",Not stated,Similar early-stage profile to Ozow; low-risk pilot candidate.,VERIFY: undated aggregator source.,https://feedbagel.com/post/peach-payments-partners-with-moneybadger-to-enable-crypto-payments-for-merchants,"refer@peachpayments.com (partner programme applications, printed on the official Partner Program page; a sales associate replies); developer hub at developer.peachpayments.com",https://www.peachpayments.com/partners/,refer@peachpayments.com,"Anine de Kock, Head of Partnerships (https://www.peachpayments.com/about/)
Clarissa Johnston, Chief of Staff (https://www.peachpayments.com/about/)
Sandeep Chagger, Chief Operating Officer (https://www.peachpayments.com/about/)","Head of Partnerships
Chief of Staff
Head of Enterprise Sales (Glenda Steyn, same page)
Head of Innovation (Chris Rutte, same page)","Inference: the Head of Innovation or Head of Partnerships would sponsor a low-risk crypto pilot alongside the MoneyBadger partnership; best route is the Partner Program mailbox, then the Head of Partnerships.","1. Email refer@peachpayments.com. 2. Then write to Anine de Kock (Head of Partnerships). 3. If no reply, ask Head of Partnerships to route it.","I noticed that Peach Payments: First crypto partnership with MoneyBadger, letting merchants accept Bitcoin and other crypto.",medium
95,Fintechs,Africa,Yellow Card,United States (founded in Nigeria),A · Start here,Closed a $40m round on 4 Aug 2026 to scale Global USD Accounts; reports licences or registrations in 22 jurisdictions.,Not stated,"Moves stablecoins programmatically across many countries, which suits scoped roles and dual-control approvals.",Secondary sources. Ghana central bank said in Jun 2025 that YellowPay operates outside its perimeter; Yellow Card disputed this.,https://launchbaseafrica.com/2026/08/04/yellow-card-stablecoin,"none found for a dedicated partnerships mailbox; official routes are the 'Speak to an expert' business enquiry form on the contact page, hello@yellowcard.io (general, printed on contact page) and press@yellowcard.io (press only, printed on press page)",https://yellowcard.io/contact,"hello@yellowcard.io, press@yellowcard.io","Chris Maurice, Co-founder and CEO (https://yellowcard.io/about)
Justin Poiroux, Co-founder and CTO (https://yellowcard.io/about)
Ross Everett, Group Chief Financial Officer (https://yellowcard.io/press (cited via a Graphic Online article dated 24 Sep 2026))","Business-enquiry / 'Speak to an expert' sales team (treasury, API suite, digital asset infrastructure pages each have their own enquiry route)
Press/communications team",Inference: the CTO or whoever owns the Treasury / Digital Asset Infrastructure product would own a signing-layer pilot; best route is the treasury or digital-asset-infrastructure 'speak to an expert' form (https://yellowcard.io/contact/treasury) then a technical follow-up with the CTO office.,"1. Email hello@yellowcard.io. 2. Then write to Justin Poiroux (Co-founder and CTO). 3. If no reply, ask Business-enquiry / 'Speak to an expert' sales team (treasury, API suite, digital asset infrastructure pages each have their own enquiry route) to route it.",I noticed that Yellow Card: Closed a $40m round on 4 Aug 2026 to scale Global USD Accounts; reports licences or registrations in 22 jurisdictions.,medium
96,Fintechs,Global,Stables,Not stated,A · Start here,5 Aug 2026: evaluation partnership with Access Bank South Africa for USDt settlement between Africa and Asia/MENA.,Not stated,Early-stage corridor build-out.,Exploratory; no product launched.,https://stables.money/blog/stables-access-bank-south-africa,"none found by email; official route is the 'Book a demo' form (asks company type, monthly volume, products incl. Treasury and OTC as a service); docs at docs.stables.money",https://stables.money/book-a-demo,none published,"Bernardo Bilotta, CEO and Co-Founder (https://stables.money/blog/stables-access-bank-south-africa)","Demo / sales intake form
Developer docs / API platform team","Inference: the founders and treasury product team own corridor infrastructure; best route is the book-a-demo form flagging a Treasury use case, followed by founder-level contact.","1. Use the published page: https://stables.money/book-a-demo. 2. Then write to Bernardo Bilotta (CEO and Co-Founder). 3. If no reply, ask Demo / sales intake form to route it.",I noticed that Stables: 5 Aug 2026: evaluation partnership with Access Bank South Africa for USDt settlement between Africa and Asia/MENA.,medium
97,Fintechs,Africa,Chipper Cash,Not stated,B · Plausible,10 Dec 2025: partnered with Stable (USDT-powered L1) for cross-border stablecoin payments in Africa.,Not stated,Needs wallet and treasury control to run this.,Tied its approach to the Stable chain.,https://www.chippercash.com/blog/stable-partnership,getintouch@chipperbusiness.com (printed on the official Chipper enterprise site) and Typeform contact form; hello@chippercash.com also printed there,https://enterprise.chippercash.com/,"getintouch@chipperbusiness.com, hello@chippercash.com","Patrick Triest, Chief Technology Officer (https://www.chippercash.com/chipper-leadership)
Ham Serunjogi, Co-Founder and CEO (https://www.chippercash.com/chipper-leadership)
Maijid Moujaled, Co-Founder and President (https://www.chippercash.com/chipper-leadership)","Enterprise team (getintouch@chipperbusiness.com)
Laura Kennedy, VP Corporate Development and Investment (same page) for partnerships","Inference: CTO Patrick Triest would own wallet and treasury control for the Stable partnership; best route is the Enterprise contact for a first note, escalating to the CTO or corporate development.","1. Email getintouch@chipperbusiness.com. 2. Then write to Patrick Triest (Chief Technology Officer). 3. If no reply, ask Enterprise team (getintouch@chipperbusiness.com) to route it.",I noticed that Chipper Cash: 10 Dec 2025: partnered with Stable (USDT-powered L1) for cross-border stablecoin payments in Africa.,medium
98,Fintechs,Africa,Flutterwave,Not stated,B · Plausible,Jan 2026: USDC and USDT merchant balances with Nuvion and Turnkey; Polygon default settlement since Oct 2025.,Turnkey (wallet infrastructure),Large and engineering-heavy; a pilot would be treasury or settlement.,Already chose Turnkey for merchant wallets.,https://techcabal.com/2026/01/22/flutterwave-partners-turnkey-to-launch-stablecoin-wallets/,"Contact sales form at the URL below (asks registration country, status and annual volume); hi@flutterwavego.com is the general contact printed on the page; media@flutterwave.com is press only (printed on press-kit page); developer docs at developer.flutterwave.com",https://flutterwave.com/us/contact-sales,"hi@flutterwavego.com, media@flutterwave.com",none found,"Sales intake form
Developer relations (developer.flutterwave.com)
Press team (media@flutterwave.com)","Inference: a treasury or settlement lead owns this; Turnkey is the incumbent wallet provider, so best route is the contact-sales form with a treasury/settlement framing, with developer-relations as a technical side door. No official leadership page was retrievable.","1. Email hi@flutterwavego.com. 2. Then find the relevant head via the organisation's own channel. 3. If no reply, ask Sales intake form to route it.",I noticed that Flutterwave: Jan 2026: USDC and USDT merchant balances with Nuvion and Turnkey; Polygon default settlement since Oct 2025.,low
99,Fintechs,Africa,Luno,London (founded in South Africa),B · Plausible,"28 Jul 2026: cut about 20% of staff and reorganised into three units, one for stablecoins and wallet infrastructure including the rand stablecoin Zaru.",Not stated,The new wallet-infrastructure unit may want signing control in its own environment.,Restructuring may freeze new vendor spend.,https://techcentral.co.za/luno-cutting-a-fifth-of-its-workforce-south-africa-not-spared/284237/,"none found (no email printed); official institutional contact form at the URL below (asks AUM, trading volume and interest); OTC and API pages also available",https://www.luno.com/institutional#contact,none published,"James Lanigan, Chief Executive Officer (https://www.luno.com/newsroom/luno-q3-from-a-rand-stablecoin-to-a-settlement-stack)","Institutional relationship manager (role named on site)
OTC desk
Newsroom / communications","Inference: the stablecoin and wallet-infrastructure unit lead (not named publicly) would own it; best route is the institutional contact form referencing wallet-infrastructure signing, then ask for the relationship manager to route to that unit. Luno also acquired GTXN (Oct 2026 newsroom).","1. Use the published page: https://www.luno.com/institutional#contact. 2. Then write to James Lanigan (Chief Executive Officer). 3. If no reply, ask Institutional relationship manager (role named on site) to route it.","I noticed that Luno: 28 Jul 2026: cut about 20% of staff and reorganised into three units, one for stablecoins and wallet infrastructure including the rand stablecoin Zaru.",medium
100,Fintechs,Africa,Onafriq (formerly MFS Africa),Not stated,B · Plausible,Uses USDC via Circle Mint for settlement; partnered with Conduit and (29 Jul 2026) Privy for embedded wallets and treasury workflows.,"Circle, Conduit, Privy",Treasury and settlement flows are programmatic and span many countries.,Several vendors already; Privy work subject to regulatory approval.,https://onafriq.com/press/article/onafriq-partners-with-privy-to-build-regulated-stablecoin-infrastructure-for-b2bs-across-africa,"none found by email; official contact form at the URL below (department dropdown: Sales, Support, Other); partner portal at portal.onafriq.com and developer portal at apidocs.beyonic.com",https://onafriq.com/contact,none published,"Rachel Balsham, Group Executive for Partnerships and Growth (https://onafriq.com/about)
Omotayo Ogunlade, Group Chief Technology Officer (https://onafriq.com/about)
Luke Kyohere, Group Chief Product and Innovation Officer (https://onafriq.com/about)","Group Chief of Staff (Chibuike Okonkwo)
Group Executive for Partnerships and Growth
Head of Corporate Communications and Marketing (Zamandlovu Ndlovu)","Inference: product and innovation (Luke Kyohere, who fronts the Privy treasury/settlement work) with the Group CTO would own it; best route is the Sales option on the contact form, then the partnerships executive or chief of staff.","1. Use the published page: https://onafriq.com/contact. 2. Then write to Rachel Balsham (Group Executive for Partnerships and Growth). 3. If no reply, ask Group Chief of Staff (Chibuike Okonkwo) to route it.",I noticed that Onafriq (formerly MFS Africa): Uses USDC via Circle Mint for settlement; partnered with Conduit and (29 Jul 2026) Privy for embedded wallets and treasury workflows.,medium
101,Fintechs,Africa,Paga,Nigeria,B · Plausible,"10 Jun 2026: partnered with Crossmint for stablecoin wallets for consumers and agents, plus a fiat on/off-ramp bridge.",Crossmint,Needs treasury and settlement control behind the wallets.,Crossmint is the named wallet vendor.,https://www.morningstar.com/news/pr-newswire/20260610fl80308/crossmint-and-paga-partner-to-bring-multi-chain-stablecoin-infrastructure-to-africa,none found; the contact page prints only service@mypaga.com (customer service) and a request form; no partnerships address,https://www.mypaga.com/paga-web/contact.paga,service@mypaga.com,"Tayo Oviosu, Founder and Group CEO (https://www.mypaga.com/paga-web/customer/static/company/team)
Eric Chijioke, Chief Technical Officer (https://www.mypaga.com/paga-web/customer/static/company/team)
Jay Alabraba, Co-Founder, Head of Sales and Distribution (https://www.mypaga.com/paga-web/customer/static/company/team)","Head of Sales and Distribution
Media contact named in the Crossmint release: Oluchi Ogbonnaya (email obfuscated, not recorded)","Inference: the CTO would own custody decisions behind the Crossmint wallets; best route is a founder/CEO-level introduction or the Head of Sales and Distribution, since no partnerships mailbox is published.","1. Email service@mypaga.com. 2. Then write to Tayo Oviosu (Founder and Group CEO). 3. If no reply, ask Head of Sales and Distribution to route it.","I noticed that Paga: 10 Jun 2026: partnered with Crossmint for stablecoin wallets for consumers and agents, plus a fiat on/off-ramp bridge.",medium
102,Fintechs,Africa,Quidax,Nigeria,B · Plausible,28 Jul 2026: extending stablecoin rails to 21+ countries and 14 currencies; positions its API and custody services as business infrastructure.,Offers custody itself,"Already sells custody, so its in-house setup is a strong signal for key-management scrutiny.",Provisional SEC licence; may keep custody in-house.,https://www.capmad.com/post/quidax-nigerias-first-seclicensed-exchange-extends-its-stablecoin-rails-to-over-21-countries,none found by email; official forms: Stablecoin API demo/quick-call form and business demo form at the URLs below; support ticket at support.quidax.io,https://www.quidax.io/stablecoin-api/form,none published,none found,"Business demo / quick-call form
Support (support.quidax.io)",Inference: engineering/product owns QDX Vault custody; best route is the Stablecoin API demo form with a security-review framing. No named leaders on the About page.,"1. Use the published page: https://www.quidax.io/stablecoin-api/form. 2. Then find the relevant head via the organisation's own channel. 3. If no reply, ask Business demo / quick-call form to route it.",I noticed that Quidax: 28 Jul 2026: extending stablecoin rails to 21+ countries and 14 currencies; positions its API and custody services as business infrastructure.,low
103,Fintechs,Africa,VALR,South Africa,B · Plausible,17 Nov 2025: launched a USDC wallet with Mukuru and supplies the crypto infrastructure behind it. FSCA-licensed.,"Own custody (cold, warm and hot wallets)","An exchange that powers other firms wallets could pilot an API-driven, policy-gated signing layer.",Appears to run its own custody already.,https://www.dlnews.com/external/valr-and-mukuru-partner-to-advance-usd-stablecoin-savings-in-africa/,none found (official pages fetched exposed no email or contact URL); try the contact and institutional pages on valr.com directly,https://www.valr.com,none published,"Farzam Ehsani, CEO (VALR/Mukuru partnership press release, 17 Nov 2025, https://chainwire.org/2025/11/17/valr-and-mukuru-partner-to-advance-usd-stablecoin-savings-in-africa/)","Business / institutional sales team (not retrievable)
Partner integrations team","Inference: the head of custody or infrastructure would own it, since VALR runs its own cold/warm/hot wallets; best route is the CEO office or the business API channel, positioning as a policy-gated signing layer for the wallets it powers.","1. Use the published page: https://www.valr.com. 2. Then write to Farzam Ehsani (CEO). 3. If no reply, ask Business / institutional sales team (not retrievable) to route it.",I noticed that VALR: 17 Nov 2025: launched a USDC wallet with Mukuru and supplies the crypto infrastructure behind it.,low
104,Fintechs,Global,Borderless.xyz,Not stated,B · Plausible,Orchestration network for stablecoin and fiat payouts in 50+ countries; added River.app (May 2025).,Not stated,A single-API payouts provider is a natural fit for policy-gated signing.,2025 article; check for newer developments.,https://www.electronicpaymentsinternational.com/news/borderless-xyz-network-river-app,none found by email; official 'Talk to an expert' Typeform linked from the footer; press page at borderless.xyz/press has no email,https://borderless.xyz/about,none published,"Kevin Lehtiniitty, CEO (https://borderless.xyz/about)
Orest Vovchak, CTO (https://borderless.xyz/about)
Alex Garn, CPO (https://borderless.xyz/about)",Contact/Typeform intake,"Inference: CTO Orest Vovchak owns signing and wallet infrastructure; note investors include Fireblocks, DFNS and Utila founders so incumbents are close. Best route is the Typeform, then a CEO or CTO conversation.","1. Use the published page: https://borderless.xyz/about. 2. Then write to Orest Vovchak (CTO). 3. If no reply, ask Contact/Typeform intake to route it.",I noticed that Borderless.xyz: Orchestration network for stablecoin and fiat payouts in 50+ countries; added River.app (May 2025).,medium
105,Fintechs,Global,Conduit,Not stated (Boston dateline),B · Plausible,Raised a $36m Series A (28 May 2025) for stablecoin cross-border payments; works with Onafriq.,Not stated,A bank-and-blockchain API platform with its own engineering team.,Unknown whether it already has a vendor.,https://www.businesswire.com/news/home/20250528156066/en/Conduit-Raises-%252436-Million-Series-A-to-Scale-Use-of-Stablecoins-for-Cross-Border-Payments,none found by email; official 'Get a demo' contact form; docs at v2.docs.conduit.financial; support at support.conduitpay.com,https://conduitpay.com/get-a-demo,none published,"Andre Masse, Chief Operating Officer (https://conduitpay.com/about)
Kirill Gertman, Chief Executive Officer, Founder (https://conduitpay.com/about)
Jeremy Berger, Chief Banking Officer (https://conduitpay.com/about)","Demo/contact form intake
Support team","Inference: the COO or engineering lead owns treasury and settlement infrastructure; best route is the demo form framed as a technology-partner pilot, then the COO. No CTO is named on the About page.","1. Use the published page: https://conduitpay.com/get-a-demo. 2. Then write to Andre Masse (Chief Operating Officer). 3. If no reply, ask Demo/contact form intake to route it.",I noticed that Conduit: Raised a $36m Series A (28 May 2025) for stablecoin cross-border payments; works with Onafriq.,medium
106,Fintechs,Global,MoonPay,Not stated,B · Plausible,"16 Dec 2025: announced it would issue and manage a USD-backed stablecoin with Exodus, built on M0.",Not described,Issuer-side mint and burn would benefit from dual control.,Large company with established infrastructure.,https://www.moonpay.com/newsroom/exodus-stablecoin,none found by email; official Contact Us page and 'Get in Touch' work-email form on the business page; Media Inquiries link on the newsroom; corporate phone listed on contact page (not recorded),https://www.moonpay.com/contact-us,none published,none found,"Business 'Get in Touch' intake
Media Inquiries (newsroom)
MoonPay Enterprise / Institutional sales",Inference: the stablecoin issuance team (Exodus/M0 programme) would own it; best route is the MoonPay Institutional or Enterprise intake. No named leaders were retrievable from official pages.,"1. Use the published page: https://www.moonpay.com/contact-us. 2. Then find the relevant head via the organisation's own channel. 3. If no reply, ask Business 'Get in Touch' intake to route it.","I noticed that MoonPay: 16 Dec 2025: announced it would issue and manage a USD-backed stablecoin with Exodus, built on M0.",low
107,Fintechs,Global,Ripio,Argentina,B · Plausible,"As of Jan 2026 issues peso-pegged stablecoins (wARS, wBRL, wMXN) and has moved to B2B infrastructure for banks and fintechs.",Not stated,Issuing multiple currencies calls for rigorous approvals and reconciliation.,Custody setup unknown; may have a vendor.,https://cointelegraph.com/news/argentine-exchange-ripio-peso-stablecoins,none found by email; official 'Solicitar demo' form on the B2B page and Crypto-as-a-Service API docs at docs.ripio.com,https://www.ripio.com/es/business/b2b,none published,"Antonio Ceraso, Chief Technology Officer (https://www.ripio.com/es/institucional)
Bernardo Teixeira, Chief Operating Officer (https://www.ripio.com/es/institucional)
Andres Fleischer, Chief of Staff (https://www.ripio.com/es/institucional)","Chief of Staff (Andres Fleischer)
B2B sales demo form","Inference: the CTO would own stablecoin issuance controls for wARS/wBRL/wMXN; best route is the B2B demo form, then the Chief of Staff for an introduction to the CTO.","1. Use the published page: https://www.ripio.com/es/business/b2b. 2. Then write to Antonio Ceraso (Chief Technology Officer). 3. If no reply, ask Chief of Staff (Andres Fleischer) to route it.","I noticed that Ripio: As of Jan 2026 issues peso-pegged stablecoins (wARS, wBRL, wMXN) and has moved to B2B infrastructure for banks and fintechs.",medium
108,Fintechs,Africa,M-Pesa (Vodacom / Safaricom),Not stated,C · Long shot or channel,Jan 2026: partnered with ADI Foundation for blockchain infrastructure; Visa and Onafriq stablecoin top-up pilot in the DRC (1 Jul 2026).,Not stated,"Possible later, not a near-term pilot.",Very large procurement; readiness requirements would exclude a testnet-stage product.,https://www.businessday.co.za/companies/2026-01-13-m-pesa-backs-stablecoin-with-adi-foundation-partnership/,none found; Safaricom's official contact-us and business pages could not be retrieved. No partnerships email confirmed,https://www.safaricom.co.ke/about/who-we-are/leadership,none published,"James Maitai, Group Chief Technology and Information Officer (since Oct 2024) (https://www.safaricom.co.ke/about/who-we-are/leadership)
Boniface Mungania, Acting Chief Financial Services Officer (https://www.safaricom.co.ke/about/who-we-are/leadership)","Group Chief Corporate and External Affairs Officer (Stephen Chege)
M-Pesa business / enterprise sales",Inference: long-cycle; the Financial Services (M-Pesa) office with the Group CTIO would own it. Best route is an introduction through an existing partner such as Onafriq or Visa pilots rather than cold outreach.,"1. Use the published page: https://www.safaricom.co.ke/about/who-we-are/leadership. 2. Then write to James Maitai (Group Chief Technology and Information Officer (since Oct 2024)). 3. If no reply, ask Group Chief Corporate and External Affairs Officer (Stephen Chege) to route it.",I noticed that M-Pesa (Vodacom / Safaricom): Jan 2026: partnered with ADI Foundation for blockchain infrastructure; Visa and Onafriq stablecoin top-up pilot in the DRC (1 Jul 2026).,low
109,Fintechs,Africa,Mukuru,Not stated,C · Long shot or channel,Offers a USDC wallet inside WhatsApp.,VALR provides the wallet and stores the coins,A possible direct buyer only if it brings custody in-house; otherwise a channel.,Custody is outsourced to VALR.,https://www.mukuru.com/sa/usdc-faqs-and-self-help-processes/,"none found (emails are obfuscated on the site); official routes: 'Get In Touch' under Help and Support, and Business services (MukuruPay, Collections, Disbursements) at mukuru.com",https://www.mukuru.com,none published,"Andy Jury, Group CEO (VALR/Mukuru press release, 17 Nov 2025, https://chainwire.org/2025/11/17/valr-and-mukuru-partner-to-advance-usd-stablecoin-savings-in-africa/)","Press and media kit contact
Business services team","Inference: Mukuru currently relies on VALR for the USDC wallet, so it is a channel or later-stage prospect; best route is via a VALR relationship or the Group CEO office.","1. Use the published page: https://www.mukuru.com. 2. Then write to Andy Jury (Group CEO). 3. If no reply, ask Press and media kit contact to route it.",I noticed that Mukuru: Offers a USDC wallet inside WhatsApp.,low
110,Fintechs,Global,Airwallex,Not stated,C · Long shot or channel,Building a stablecoin team; reported 22 stablecoin job adverts.,Not stated,"A build-versus-buy signal, but weak.",Hiring evidence only; undated article.,https://www.ledgerinsights.com/unicorn-airwallex-builds-stablecoin-team-despite-ceos-apparent-skepticism/,none found; official contact page redirects to a help-centre request form with 'I'm a New or Prospective Customer' topic; no email printed,https://help.airwallex.com/hc/en-gb/requests/new,none published,"Jack Zhang, CEO (https://www.airwallex.com/about)",Help-centre request form,Inference: build-versus-buy signal is weak; the stablecoin team being hired (not publicly named) would own it. Route via a warm introduction.,"1. Use the published page: https://help.airwallex.com/hc/en-gb/requests/new. 2. Then write to Jack Zhang (CEO). 3. If no reply, ask Help-centre request form to route it.",I noticed that Airwallex: Building a stablecoin team; reported 22 stablecoin job adverts.,low
111,Fintechs,Global,BVNK,London,C · Long shot or channel,Mastercard agreed to acquire it for up to $1.8bn (17 Mar 2026); closing expected before year-end.,"Fireblocks, BlockCypher, own modules",An acquisition may slow vendor decisions.,Pending acquisition and existing named custodians.,https://www.bvnk.com/blog/how-are-digital-assets-protected-at-bvnk,"none found for partnerships by email; official 'Speak to an expert' contact form; press@bvnk.com printed on the newsroom (press only). Newsroom lists 'Mastercard completes acquisition of BVNK' dated 3 Aug 2026, so closing has already happened",https://www.bvnk.com/contact,press@bvnk.com,"Donald Jackson, Co-Founder and Chief Technology Officer (https://www.bvnk.com/about-us)
Chris Harmse, Co-Founder and Chief Business Officer (https://www.bvnk.com/about-us)
Jesse Hemson-Struthers, Co-Founder and CEO (https://www.bvnk.com/about-us)","Contact form intake
Chief Business Officer office
Natasha Malola, Business Operations and Strategy (same page)","Inference: post-acquisition, vendor decisions likely route through Mastercard governance; best route is the Chief Business Officer or CTO for a technology-partner conversation, via the contact form. The input row's 'closing expected' is outdated.","1. Email press@bvnk.com. 2. Then write to Donald Jackson (Co-Founder and Chief Technology Officer). 3. If no reply, ask Contact form intake to route it.",I noticed that BVNK: Mastercard agreed to acquire it for up to $1.8bn (17 Mar 2026); closing expected before year-end.,medium
112,Fintechs,Global,Bitso,Mexico City,C · Long shot or channel,Offers 100+ crypto assets and runs Bitso Business for B2B cross-border stablecoin flows.,Custodial; Bitso controls keys,Its B2B arm could run a separate self-hosted flow.,Promotional source; large incumbent with in-house custody.,https://stablecoininsider.org/bitso-review-2026/,none found by email; official Bitso Business contact form at the URL below; developer page and business help centre,https://bitso.com/business/contact-form,none published,none found,Bitso Business sales intake,Inference: Bitso Business (B2B treasury/stablecoin) team would own a separate self-hosted flow; best route is the Business contact form. Leaders not retrievable from official pages.,"1. Use the published page: https://bitso.com/business/contact-form. 2. Then find the relevant head via the organisation's own channel. 3. If no reply, ask Bitso Business sales intake to route it.",I noticed that Bitso: Offers 100+ crypto assets and runs Bitso Business for B2B cross-border stablecoin flows.,low
113,Fintechs,Global,Mercado Pago,Not stated,C · Long shot or channel,"28 Aug 2024: launched Meli Dolar, a USD stablecoin in Brazil.",Ripio provides liquidity,A possible treasury-side use case.,2024 article; Ripio is the named partner.,https://latamlist.com/mercado-pago-launches-a-stablecoin-with-ripio-in-brazil/,none found by email; official commercial contact page mercadopago.com.br/quero-usar/ and Partnership Program at the URL below; developer support centre for technical routes,https://www.mercadopago.com.br/partners/pt,none published,none found,"Partnership Program
Developer support centre","Inference: treasury-side use only, with Ripio supplying liquidity for Meli Dolar; best route is a warm introduction, as public routes are merchant-oriented.","1. Use the published page: https://www.mercadopago.com.br/partners/pt. 2. Then find the relevant head via the organisation's own channel. 3. If no reply, ask Partnership Program to route it.","I noticed that Mercado Pago: 28 Aug 2024: launched Meli Dolar, a USD stablecoin in Brazil.",low
114,Fintechs,Global,Mesh,Not stated,C · Long shot or channel,15 Dec 2025: partnered with Paxos for verified crypto deposits including PYUSD and USDG.,Not stated,"Product is wallet and exchange connectivity, so custody is not core.",Weak fit.,https://meshpay.com/blog/mesh-partners-with-paxos,"none found by email; official 'Contact Sales' form, Mesh Alliance Program (https://www.meshpay.com/map) for partners",https://www.meshpay.com/map,none published,"Gabriele Galli, SVP, Sales, Partnerships, and Business Development (https://www.meshpay.com/about-us)
Arjun Mukherjee, Chief Technology Officer (https://www.meshpay.com/about-us)
Jeff Hendren, Chief Revenue Officer (https://www.meshpay.com/about-us)","SVP Sales, Partnerships and BD
Mesh Alliance Program","Inference: custody is not core, so treat as a partnership/integration play; best route is the Alliance Program or the SVP Partnerships, with the CTO for any technical pilot.","1. Use the published page: https://www.meshpay.com/map. 2. Then write to Gabriele Galli (SVP, Sales, Partnerships, and Business Development). 3. If no reply, ask SVP Sales, Partnerships and BD to route it.",I noticed that Mesh: 15 Dec 2025: partnered with Paxos for verified crypto deposits including PYUSD and USDG.,medium
115,Fintechs,Global,Nubank,Brazil,C · Long shot or channel,14 Jan 2025: expanded its USDC rewards program to all Nubank Cripto users.,Not stated,Stablecoin products suggest an internal digital-asset team.,Very large; would not use a testnet-stage product.,https://nu.com/en/newsroom/consumers/nubank-expands-usdc-rewards-program-to-all-customers,none found; Nu's about page offers only investor relations (nu.com/en/investors) and newsroom (nu.com/en/newsroom); no partner contact,https://nu.com/en/about,none published,none found,"Investor relations
Newsroom / press","Inference: an internal digital-asset team under Nu Cripto would own it; no public partner route, so a warm introduction is the only realistic path.","1. Use the published page: https://nu.com/en/about. 2. Then find the relevant head via the organisation's own channel. 3. If no reply, ask Investor relations to route it.",I noticed that Nubank: 14 Jan 2025: expanded its USDC rewards program to all Nubank Cripto users.,low
116,Fintechs,Global,Rain,Not stated,C · Long shot or channel,"11 Jan 2026: raised a $250m Series C for stablecoin cards, wallets and payouts to 200+ partners.",Not stated,High programmatic volume with a growing platform team.,Scale likely exceeds what a testnet-stage product can credibly handle.,https://www.crowdfundinsider.com/2026/01/257233-rain-secures-250m-series-c-funding-to-scale-stablecoin-powered-payments/,none found for partnerships by email; official 'Book a demo' contact form; press@rain.xyz is printed on the press page (press only),https://www.rain.xyz/contact-us,press@rain.xyz,none found,"Demo / contact form
Press (press@rain.xyz)",Inference: the platform and infrastructure team owns wallet and payout signing; best route is the demo form. Official pages name no leaders.,"1. Email press@rain.xyz. 2. Then find the relevant head via the organisation's own channel. 3. If no reply, ask Demo / contact form to route it.","I noticed that Rain: 11 Jan 2026: raised a $250m Series C for stablecoin cards, wallets and payouts to 200+ partners.",low
117,Fintechs,Global,Revolut,UK,C · Long shot or channel,31 Oct 2025: launched 1:1 USD-to-stablecoin conversions across six chains.,Not stated,Large engineering team with high volume.,Very large; would not use a testnet-stage product.,https://cointelegraph.com/news/revolut-launches-1-to-1-usd-to-stable-swaps,"none found; the official contact page lists no business partnerships email (it points to News & Media and revolut.com/business); only courtorders@, feedback@ and support@ addresses are printed and not relevant",https://www.revolut.com/contact-us/,none published,none found,"Business team (revolut.com/business)
News and Media team","Inference: internal engineering would build rather than buy; weak fit for cold outreach, a warm introduction to a crypto/treasury engineering lead is the only plausible route.","1. Use the published page: https://www.revolut.com/contact-us/. 2. Then find the relevant head via the organisation's own channel. 3. If no reply, ask Business team (revolut.com/business) to route it.",I noticed that Revolut: 31 Oct 2025: launched 1:1 USD-to-stablecoin conversions across six chains.,low
118,Fintechs,Global,Transak,Miami,C · Long shot or channel,4 Sep 2025: joined the Fireblocks Network for Payments as a launch partner.,Fireblocks connectivity,On-ramps move flows programmatically at scale.,Existing Fireblocks relationship.,https://thedefiant.io/news/press-releases/transak-joins-the-fireblocks-network-for-payments-bringing-global-fiat-to-stablecoin-rails-to-institutions-worldwide,none found by email; official 'Talk to Sales' form at the URL below; press email exists on pressroom but is obfuscated and not recorded,https://transak.com/talk-to-us,none published,none found,"Sales intake form
PR and Communications team
Partner support (dashboard)",Inference: on-ramp infrastructure engineering owns key management; best route is the Talk to Sales form. Leaders were not named on retrievable official pages.,"1. Use the published page: https://transak.com/talk-to-us. 2. Then find the relevant head via the organisation's own channel. 3. If no reply, ask Sales intake form to route it.",I noticed that Transak: 4 Sep 2025: joined the Fireblocks Network for Payments as a launch partner.,low
